29073,30,11044
29073,30,11044
29073,30,11044
72690,0,24481
29073,30,11044
29073,30,11044
84455,75,$25495
29073,30,11044
29073,30,11044
29073,30,11044
29073,30,11044
30553,99,14247
29073,30,11044
29073,30,11044
33906,30,9205
85566,30,19417
77137,30,$7241
29073,30,11044
29073,30,11044
29073,30,11044
29073,30,11044
29073,30,11044
29073,30,11044
29073,30,11044
29073,30,11044
17110,30,$15896
37755,0,7973
29073,30,11044
29073,30,11044
83412,75,$0
29073,30,11044
29073,30,11044
29073,30,11044
5749,30,$0
29073,30,11044
29073,30,11044
29073,30,11044
84015,30,$0
29073,30,11044
46448,30,19161
68827,30,17297
29073,30,11044
29073,30,11044
16029,99,$21273
29073,30,11044
29073,30,11044
29073,30,11044
29073,30,11044
87226,75,$10501
29073,30,11044
29073,30,11044
29073,30,11044
29092,30,5039
29073,30,11044
29073,30,11044
29073,30,11044
35533,30,6488
31894,30,18432
29073,30,11044
29073,30,11044
38655,30,4228
29073,30,11044
87311,30,0
29073,30,11044
29073,30,11044
29073,30,11044
29073,30,11044
29073,30,11044
29073,30,11044
29073,30,11044
12634,30,$17054
29073,30,11044
29073,30,11044
29073,30,11044
29073,30,11044
29073,30,11044
29073,30,11044
74754,75,21906
44398,30,22
29073,30,11044
29073,30,11044
29073,30,11044
72986,30,13320
29073,30,11044
29073,30,11044
29073,30,11044
29073,30,11044
29073,30,11044
29073,30,11044
21426,75,$4546
850,75,12624
29073,30,11044
29073,30,11044
29073,30,11044
29073,30,11044
29073,30,11044
28634,0,$18354
45079,0,18705
29073,30,11044
50805,30,$13405
29073,30,11044
29073,30,11044
29073,30,11044
29073,30,11044
29073,30,11044
29073,30,11044
19098,0,$7114
29073,30,11044
1859,30,21446
29073,30,11044
29073,30,11044
41132,30,16212
29073,30,11044
29073,30,11044
29073,30,11044
29073,30,11044
29073,30,11044
29073,30,11044
29073,30,11044
29073,30,11044
29073,30,11044
29073,30,11044
29073,30,11044
29073,30,11044
29073,30,11044
29073,30,11044
37404,0,$1416
29073,30,11044
79180,30,$0
7461,30,$5323
29073,30,11044
80400,30,$27175
29073,30,11044
29073,30,11044
29073,30,11044
29073,30,11044
87493,75,11027
29073,30,11044
29073,30,11044
29073,30,11044
29073,30,11044
29073,30,11044
64565,0,15499
29073,30,11044
50387,30,4878
29073,30,11044
29073,30,11044
29073,30,11044
29073,30,11044
29073,30,11044
29073,30,11044
29073,30,11044
10342,30,$34124
29073,30,11044
29073,30,11044
64996,30,$6616
29073,30,11044
29073,30,11044
29073,30,11044
15793,30,19155
29073,30,11044
29073,30,11044
29073,30,11044
6716,30,6313
32133,30,8499
29073,30,11044
29073,30,11044
29073,30,11044
29073,30,11044
29073,30,11044
27196,30,9731
29073,30,11044
29073,30,11044
29073,30,11044
29073,30,11044
34049,75,0
43943,30,6676
29073,30,11044
52930,30,0
29073,30,11044
29073,30,11044
29073,30,11044
29073,30,11044
29073,30,11044
29073,30,11044
29073,30,11044
49279,30,$14014
3271,30,$17876
29073,30,11044
71793,75,18009
4329,30,$41231
17521,75,4741
29073,30,11044
38838,0,0
29073,30,11044
63932,30,0
29073,30,11044
30912,30,2463
29073,30,11044
16559,75,13544
81892,30,$5664
29073,30,11044
29073,30,11044
77688,30,10011
29073,30,11044
29073,30,11044
29073,30,11044
29073,30,11044
68995,30,24312
29073,30,11044
75447,30,$11294
29073,30,11044
29073,30,11044
29073,30,11044
29073,30,11044
29073,30,11044
66022,75,0
29073,30,11044
83800,30,$0
29073,30,11044
29073,30,11044
29073,30,11044
29073,30,11044
29073,30,11044
29073,30,11044
21216,30,8396
29073,30,11044
29073,30,11044
29073,30,11044
29073,30,11044
29073,30,11044
29073,30,11044
29073,30,11044
29073,30,11044
29073,30,11044
29073,30,11044
17698,0,$13350
29073,30,11044
29073,30,11044
29073,30,11044
29073,30,11044
29073,30,11044
29073,30,11044
87094,30,4469
29073,30,11044
20316,30,$26934
1562,30,0
29073,30,11044
29073,30,11044
29073,30,11044
29073,30,11044
29073,30,11044
62592,30,$8323
29073,30,11044
29073,30,11044
29073,30,11044
75705,0,22714
14000,30,0
29073,30,11044
29073,30,11044
29073,30,11044
29073,30,11044
29073,30,11044
29073,30,11044
29073,30,11044
29073,30,11044
29073,30,11044
29794,75,$0
2005,30,$10994
63903,30,12908
29073,30,11044
32268,30,$4668
29073,30,11044
29073,30,11044
29073,30,11044
16617,30,22184
29073,30,11044
89741,75,$4028
29073,30,11044
29073,30,11044
29073,30,11044
24337,99,$15628
29073,30,11044
29073,30,11044
29073,30,11044
27199,30,$5375
29073,30,11044
2962,75,22952
37814,30,15121
29073,30,11044
29073,30,11044
29073,30,11044
29073,30,11044
29073,30,11044
29073,30,11044
29073,30,11044
32504,0,$10248
29073,30,11044
51104,75,$13214
29073,30,11044
29073,30,11044
29073,30,11044
29073,30,11044
29073,30,11044
29073,30,11044
29073,30,11044
29073,30,11044
29073,30,11044
29073,30,11044
41662,30,1367
29073,30,11044
29073,30,11044
29073,30,11044
29073,30,11044
29073,30,11044
68499,30,8693
29073,30,11044
26972,75,4637
50452,0,9646
28078,30,$9293
29073,30,11044
29073,30,11044
29073,30,11044
29073,30,11044
29073,30,11044
77756,75,2655
29073,30,11044
25605,30,$19071
29073,30,11044
29073,30,11044
29073,30,11044
15197,30,$23755
29073,30,11044
29073,30,11044
29073,30,11044
21374,0,$18349
6870,30,$7009
29073,30,11044
29073,30,11044
29073,30,11044
29073,30,11044
70854,30,0
29073,30,11044
29073,30,11044
29073,30,11044
29073,30,11044
25934,30,$20829
29073,30,11044
29073,30,11044
29073,30,11044
29073,30,11044
29073,30,11044
80383,30,$12087
29073,30,11044
35302,30,$20579
29073,30,11044
44083,30,0
29073,30,11044
29073,30,11044
29073,30,11044
29073,30,11044
29073,30,11044
29073,30,11044
29073,30,11044
29073,30,11044
29073,30,11044
29073,30,11044
29073,30,11044
29073,30,11044
57844,30,$12943
29073,30,11044
29073,30,11044
23524,30,28964
29073,30,11044
50699,30,$33420
29073,30,11044
85066,30,$22990
29073,30,11044
12553,30,$0
29073,30,11044
29073,30,11044
29073,30,11044
27673,0,14230
29073,30,11044
29073,30,11044
54653,30,25814
29073,30,11044
25425,30,$20600
29073,30,11044
60332,30,$18044
29073,30,11044
29073,30,11044
70278,99,$9632
29073,30,11044
10490,30,12434
29073,30,11044
29073,30,11044
29073,30,11044
29073,30,11044
53249,30,4417
29073,30,11044
29073,30,11044
46661,30,$14286
29073,30,11044
81926,75,$1168
29073,30,11044
29073,30,11044
29073,30,11044
29073,30,11044
29073,30,11044
29073,30,11044
29073,30,11044
29073,30,11044
8917,30,7830
29073,30,11044
29073,30,11044
72194,30,$11967
29073,30,11044
29073,30,11044
29073,30,11044
1080,0,12264
29073,30,11044
29073,30,11044
29073,30,11044
75403,0,0
29073,30,11044
31962,75,16220
29073,30,11044
29073,30,11044
29073,30,11044
29073,30,11044
29073,30,11044
29023,30,$3614
29073,30,11044
84211,0,$13883
29073,30,11044
22346,30,1873
42653,0,$6676
29073,30,11044
29073,30,11044
29073,30,11044
29073,30,11044
29073,30,11044
2550,30,9151
29073,30,11044
25320,30,777
11106,30,$17008
29073,30,11044
29073,30,11044
29073,30,11044
29073,30,11044
29073,30,11044
29073,30,11044
29073,30,11044
78439,30,509
29073,30,11044
29073,30,11044
81651,30,6478
29073,30,11044
29073,30,11044
29073,30,11044
57962,30,$30978
29073,30,11044
29073,30,11044
23803,0,$8436
74745,30,3193
29073,30,11044
29073,30,11044
29073,30,11044
29073,30,11044
29073,30,11044
29073,30,11044
29073,30,11044
29073,30,11044
29073,30,11044
29073,30,11044
29073,30,11044
29073,30,11044
29073,30,11044
29073,30,11044
29073,30,11044
78896,30,13842
29073,30,11044
62454,0,$0
29073,30,11044
29073,30,11044
29073,30,11044
29073,30,11044
29073,30,11044
29073,30,11044
58074,30,10895
40479,30,0
65349,30,13055
53554,30,31682
29073,30,11044
29073,30,11044
57145,30,16388
29073,30,11044
65314,30,$4250
29073,30,11044
29073,30,11044
75793,75,3615
29073,30,11044
29073,30,11044
29073,30,11044
7323,30,21921
76667,30,11552
29073,30,11044
29073,30,11044
54176,30,$9287
29073,30,11044
29073,30,11044
29073,30,11044
29073,30,11044
29073,30,11044
29073,30,11044
29073,30,11044
64820,30,18232
29073,30,11044
18008,30,$9467
29073,30,11044
29073,30,11044
29073,30,11044
29073,30,11044
25796,0,1670
29073,30,11044
29073,30,11044
29073,30,11044
29073,30,11044
9435,30,$13291
82839,30,$11068
29073,30,11044
22137,30,$0
35619,30,14411
29073,30,11044
29073,30,11044
88414,30,$9483
29073,30,11044
62239,30,$11571
29073,30,11044
29073,30,11044
29073,30,11044
29073,30,11044
29073,30,11044
29073,30,11044
29073,30,11044
29073,30,11044
29073,30,11044
29073,30,11044
29073,30,11044
21604,75,$13747
29073,30,11044
29073,30,11044
29073,30,11044
29073,30,11044
68996,30,$8502
65760,30,$10286
29073,30,11044
29073,30,11044
29073,30,11044
8146,0,9710
29073,30,11044
29073,30,11044
29073,30,11044
2922,30,20111
29073,30,11044
29073,30,11044
29073,30,11044
29073,30,11044
29073,30,11044
29073,30,11044
29073,30,11044
39192,30,11735
29073,30,11044
29073,30,11044
29073,30,11044
29073,30,11044
29073,30,11044
29073,30,11044
29446,30,0
29073,30,11044
2469,30,$12017
29073,30,11044
29073,30,11044
29073,30,11044
29073,30,11044
29073,30,11044
8023,75,18469
29073,30,11044
29073,30,11044
29073,30,11044
29073,30,11044
29073,30,11044
29073,30,11044
29073,30,11044
41289,30,$5776
43469,30,40456
29073,30,11044
29073,30,11044
29073,30,11044
29073,30,11044
29073,30,11044
29073,30,11044
29073,30,11044
29073,30,11044
29073,30,11044
29073,30,11044
29073,30,11044
50033,30,$14528
29073,30,11044
29073,30,11044
29073,30,11044
75290,75,3714
29073,30,11044
27778,30,13902
29073,30,11044
25003,30,25620
29073,30,11044
62924,30,17613
29073,30,11044
40027,30,$13825
29073,30,11044
9770,75,0
29073,30,11044
29073,30,11044
29073,30,11044
29073,30,11044
23622,30,22027
29073,30,11044
29073,30,11044
39646,75,$0
29073,30,11044
29073,30,11044
29073,30,11044
29073,30,11044
33787,75,474
29073,30,11044
29073,30,11044
29073,30,11044
63453,30,20590
29073,30,11044
29073,30,11044
29073,30,11044
29073,30,11044
29073,30,11044
29073,30,11044
29073,30,11044
29073,30,11044
84878,0,9236
29073,30,11044
29073,30,11044
29073,30,11044
89467,75,14990
29073,30,11044
32890,30,12392
29073,30,11044
80328,0,$3277
55472,30,$4672
29073,30,11044
29073,30,11044
23949,30,12637
29073,30,11044
29073,30,11044
29073,30,11044
29073,30,11044
78067,99,$0
29073,30,11044
29073,30,11044
29073,30,11044
29073,30,11044
29073,30,11044
27429,30,26077
29073,30,11044
34856,30,$16025
86651,30,15491
29073,30,11044
29073,30,11044
29073,30,11044
29073,30,11044
29709,30,$27977
77955,75,$0
29073,30,11044
29073,30,11044
29073,30,11044
54983,30,24511
37470,0,0
29073,30,11044
29073,30,11044
65990,75,$3189
29073,30,11044
29073,30,11044
29073,30,11044
23194,30,$4123
29073,30,11044
29073,30,11044
80080,30,$3430
29073,30,11044
29073,30,11044
29073,30,11044
42854,0,13162
61309,30,$6556
29073,30,11044
70745,30,8543
29073,30,11044
29073,30,11044
33681,0,0
29073,30,11044
29073,30,11044
29073,30,11044
4515,30,$0
29073,30,11044
29073,30,11044
39679,30,$18623
29073,30,11044
29073,30,11044
29073,30,11044
29073,30,11044
29073,30,11044
29073,30,11044
52722,30,15990
29073,30,11044
29073,30,11044
29073,30,11044
32476,30,$4150
29073,30,11044
29073,30,11044
43983,0,$19813
29073,30,11044
29073,30,11044
29073,30,11044
1539,75,10198
29073,30,11044
29073,30,11044
29073,30,11044
29073,30,11044
58426,30,$0
29073,30,11044
29073,30,11044
39085,30,$20599
29073,30,11044
29073,30,11044
28374,30,$12260
29073,30,11044
29073,30,11044
81249,30,5825
29073,30,11044
29073,30,11044
29073,30,11044
51313,0,$0
29073,30,11044
60666,75,$4868
78741,30,$27398
29073,30,11044
29073,30,11044
29073,30,11044
29073,30,11044
18227,75,$20361
29073,30,11044
29073,30,11044
71246,30,3096
29073,30,11044
29073,30,11044
29073,30,11044
90024,30,10990
29073,30,11044
29073,30,11044
39549,0,4197
29073,30,11044
29073,30,11044
13328,75,$9591
29073,30,11044
29073,30,11044
30589,30,$1557
29073,30,11044
29073,30,11044
29073,30,11044
38591,75,$23740
29073,30,11044
29073,30,11044
29073,30,11044
29073,30,11044
90024,40,45000
29073,30,11044
29073,30,11044
29073,30,11044
29073,30,11044
77023,0,$19165
29073,30,11044
29073,30,11044
31814,0,$19134
29073,30,11044
29073,30,11044
29073,30,11044
88161,30,$3844
29073,30,11044
29073,30,11044
86334,30,18049
29073,30,11044
45604,30,$6534
29073,30,11044
29073,30,11044
29073,30,11044
29073,30,11044
29073,30,11044
29073,30,11044
29073,30,11044
29073,30,11044
29073,30,11044
29073,30,11044
29073,30,11044
29073,30,11044
81268,30,$16120
29073,30,11044
29073,30,11044
37882,30,$15018
73152,75,$25732
45666,30,$10080
29073,30,11044
40416,75,7729
58275,75,13740
29073,30,11044
29073,30,11044
29073,30,11044
29073,30,11044
49019,75,12599
29073,30,11044
29073,30,11044
29073,30,11044
29073,30,11044
29073,30,11044
81429,30,$21393
29073,30,11044
29073,30,11044
29073,30,11044
29073,30,11044
23748,30,0
29073,30,11044
29073,30,11044
54497,30,$3738
23705,30,$0
29073,30,11044
29073,30,11044
31362,30,30054
67749,0,10636
29073,30,11044
29073,30,11044
29073,30,11044
29073,30,11044
75120,0,12602
29073,30,11044
73592,30,5546
21558,30,8685
29073,30,11044
29073,30,11044
88985,99,0
29073,30,11044
68332,30,23429
29073,30,11044
76985,30,0
29073,30,11044
83236,75,15636
29073,30,11044
29073,30,11044
29073,30,11044
29073,30,11044
29073,30,11044
29073,30,11044
29073,30,11044
29073,30,11044
61386,0,10533
29073,30,11044
34144,30,$6449
29073,30,11044
29073,30,11044
25877,30,$19308
29073,30,11044
65472,75,$3486
29073,30,11044
29073,30,11044
29073,30,11044
29073,30,11044
29073,30,11044
29073,30,11044
29073,30,11044
29073,30,11044
29073,30,11044
29073,30,11044
29073,30,11044
30886,0,11091
85538,30,$12358
29073,30,11044
29073,30,11044
29073,30,11044
29073,30,11044
84824,30,0
29073,30,11044
29073,30,11044
65276,30,$13195
29073,30,11044
29073,30,11044
29073,30,11044
29073,30,11044
29073,30,11044
29073,30,11044
29073,30,11044
29073,30,11044
29073,30,11044
29073,30,11044
89771,30,15242
26706,75,$11865
40,30,$0
29073,30,11044
26401,30,5986
29073,30,11044
29073,30,11044
29073,30,11044
29073,30,11044
86415,0,$0
29073,30,11044
29073,30,11044
22753,0,$5543
29073,30,11044
29073,30,11044
29073,30,11044
29073,30,11044
29073,30,11044
29073,30,11044
29073,30,11044
89528,30,16583
29073,30,11044
29073,30,11044
80977,0,0
29073,30,11044
29073,30,11044
29073,30,11044
63184,30,1225
29073,30,11044
29073,30,11044
29073,30,11044
29073,30,11044
56777,30,3715
29073,30,11044
29073,30,11044
29073,30,11044
29073,30,11044
29073,30,11044
29073,30,11044
29073,30,11044
29073,30,11044
29073,30,11044
44486,30,7350
29073,30,11044
79493,30,3577
29073,30,11044
29073,30,11044
29073,30,11044
29073,30,11044
88108,0,$14764
29073,30,11044
29073,30,11044
29073,30,11044
76561,30,13025
29073,30,11044
29073,30,11044
17635,30,9082
29073,30,11044
29073,30,11044
29073,30,11044
29073,30,11044
74182,30,0
29073,30,11044
29073,30,11044
29073,30,11044
29073,30,11044
46623,30,0
44021,75,17192
29073,30,11044
32983,30,13597
29073,30,11044
29073,30,11044
86201,0,22265
40282,30,$16962
29073,30,11044
29073,30,11044
29073,30,11044
29073,30,11044
29073,30,11044
29073,30,11044
29073,30,11044
29073,30,11044
57014,30,0
29073,30,11044
29073,30,11044
29073,30,11044
29073,30,11044
29073,30,11044
29073,30,11044
29073,30,11044
29073,30,11044
29073,30,11044
29073,30,11044
29073,30,11044
90024,35,31000
29073,30,11044
29073,30,11044
29073,30,11044
77192,30,31686
29073,30,11044
43050,30,16173
29073,30,11044
29073,30,11044
29073,30,11044
29073,30,11044
29073,30,11044
29073,30,11044
29073,30,11044
61065,30,2209
29073,30,11044
87496,75,$10167
29073,30,11044
58878,0,14279
29073,30,11044
29073,30,11044
29073,30,11044
29073,30,11044
71679,30,17491
29073,30,11044
29073,30,11044
29073,30,11044
41872,30,6371
49594,75,$12890
29073,30,11044
862,30,$7684
35115,75,22100
29073,30,11044
41817,30,0
90024,32,12000
79345,75,$29704
29073,30,11044
29073,30,11044
29073,30,11044
29073,30,11044
29073,30,11044
73944,30,7288
29073,30,11044
29073,30,11044
6156,30,0
29073,30,11044
29073,30,11044
71045,0,$28721
29073,30,11044
29073,30,11044
29073,30,11044
27502,30,$25054
29073,30,11044
20936,99,6891
29073,30,11044
61463,30,14007
81827,30,$8839
21404,0,$1602
24568,99,12686
75753,30,$2736
29073,30,11044
40648,75,23646
29073,30,11044
29073,30,11044
64586,30,2393
29880,75,$13228
29073,30,11044
29073,30,11044
29073,30,11044
29073,30,11044
29073,30,11044
55835,0,$28484
29073,30,11044
29073,30,11044
29073,30,11044
29073,30,11044
29073,30,11044
47297,30,$13494
29073,30,11044
17115,99,21088
29073,30,11044
29073,30,11044
29073,30,11044
29073,30,11044
29073,30,11044
29073,30,11044
29073,30,11044
87113,30,0
29073,30,11044
11969,30,1438
29073,30,11044
29073,30,11044
32018,0,5323
29073,30,11044
29073,30,11044
84342,30,$24112
29073,30,11044
29073,30,11044
29073,30,11044
29073,30,11044
29073,30,11044
29073,30,11044
67465,30,0
29073,30,11044
29073,30,11044
29073,30,11044
29073,30,11044
29073,30,11044
86248,30,$8454
29073,30,11044
29073,30,11044
29073,30,11044
29073,30,11044
29073,30,11044
29073,30,11044
29073,30,11044
29073,30,11044
61347,99,0
29073,30,11044
29073,30,11044
29073,30,11044
81532,30,0
51202,30,$0
29073,30,11044
29073,30,11044
29073,30,11044
29073,30,11044
29073,30,11044
29073,30,11044
29073,30,11044
29073,30,11044
29073,30,11044
63607,30,11919
29073,30,11044
29073,30,11044
29073,30,11044
36173,30,12606
29073,30,11044
71955,30,20365
70975,30,17372
45485,30,$9793
62149,30,$0
70442,99,14586
29073,30,11044
43258,30,$8190
29073,30,11044
29073,30,11044
29073,30,11044
29073,30,11044
29073,30,11044
68439,30,$17856
5112,0,$10200
73892,30,$11090
29073,30,11044
77433,30,$0
31208,30,$12610
29073,30,11044
29073,30,11044
29073,30,11044
29073,30,11044
29073,30,11044
29073,30,11044
29073,30,11044
29073,30,11044
59603,30,0
29073,30,11044
29073,30,11044
74880,30,$960
29073,30,11044
58135,30,$8430
55335,0,$10579
29073,30,11044
29073,30,11044
29073,30,11044
29073,30,11044
29073,30,11044
29073,30,11044
73839,30,$20200
4037,30,$12831
29073,30,11044
29073,30,11044
29073,30,11044
29073,30,11044
619,30,$28074
3116,30,3597
29073,30,11044
35547,30,$25695
29073,30,11044
29073,30,11044
83762,75,5286
20112,30,$15870
29073,30,11044
29073,30,11044
29073,30,11044
29073,30,11044
29073,30,11044
29073,30,11044
29073,30,11044
29073,30,11044
29073,30,11044
84528,75,0
89903,30,$2131
29073,30,11044
39233,0,6171
29073,30,11044
29073,30,11044
29073,30,11044
29073,30,11044
29073,30,11044
29073,30,11044
29073,30,11044
29073,30,11044
29073,30,11044
29073,30,11044
29073,30,11044
29073,30,11044
29073,30,11044
29073,30,11044
29073,30,11044
29073,30,11044
29073,30,11044
29073,30,11044
29073,30,11044
64118,0,$5414
29073,30,11044
80053,0,$7641
29073,30,11044
29073,30,11044
29073,30,11044
29073,30,11044
29073,30,11044
41116,75,0
73506,0,0
75244,75,10790
29073,30,11044
29073,30,11044
29073,30,11044
29073,30,11044
85804,30,$5045
29073,30,11044
29073,30,11044
29073,30,11044
29073,30,11044
3493,30,$19336
88751,30,$4516
29073,30,11044
29073,30,11044
29073,30,11044
29073,30,11044
38605,75,$0
29073,30,11044
29073,30,11044
29073,30,11044
29073,30,11044
64297,30,11195
59632,30,$7249
29073,30,11044
29073,30,11044
29073,30,11044
29073,30,11044
29073,30,11044
29073,30,11044
67758,30,35290
29073,30,11044
29073,30,11044
29073,30,11044
29073,30,11044
29073,30,11044
29073,30,11044
29073,30,11044
45172,30,$0
29073,30,11044
32919,30,$14173
29073,30,11044
29073,30,11044
37502,30,$16694
29073,30,11044
29073,30,11044
29073,30,11044
17725,30,$11173
29073,30,11044
29073,30,11044
29073,30,11044
29073,30,11044
29073,30,11044
29073,30,11044
29073,30,11044
29073,30,11044
29073,30,11044
75288,30,$10225
29073,30,11044
59002,30,0
29073,30,11044
29073,30,11044
29073,30,11044
29073,30,11044
30314,30,$11073
29073,30,11044
39216,30,$21245
35932,30,24684
29073,30,11044
47292,0,2105
29073,30,11044
11308,30,$18318
8203,30,$13736
29073,30,11044
29073,30,11044
43094,30,$19006
29073,30,11044
29073,30,11044
29073,30,11044
29073,30,11044
29073,30,11044
21056,30,$3200
29073,30,11044
29073,30,11044
29073,30,11044
29073,30,11044
29073,30,11044
29073,30,11044
29073,30,11044
50163,75,$0
29073,30,11044
29073,30,11044
49502,99,$10814
43541,99,$5480
29073,30,11044
34416,30,8517
29073,30,11044
29073,30,11044
29073,30,11044
29073,30,11044
29073,30,11044
29073,30,11044
29073,30,11044
29073,30,11044
29073,30,11044
29073,30,11044
75340,30,$4109
29073,30,11044
29073,30,11044
17951,30,$385
29073,30,11044
29073,30,11044
29073,30,11044
29073,30,11044
29073,30,11044
29073,30,11044
29073,30,11044
29073,30,11044
29073,30,11044
29073,30,11044
29073,30,11044
29073,30,11044
29073,30,11044
29073,30,11044
45106,0,27316
30306,0,7235
29073,30,11044
85806,30,$37123
34487,30,4620
29073,30,11044
29073,30,11044
29073,30,11044
29073,30,11044
40053,30,$8621
29073,30,11044
56859,30,17828
29073,30,11044
29073,30,11044
29073,30,11044
29073,30,11044
29073,30,11044
29073,30,11044
29073,30,11044
29073,30,11044
74025,30,$23629
43939,30,$6294
29073,30,11044
87197,0,$14860
66131,30,$20368
29073,30,11044
29073,30,11044
29073,30,11044
29073,30,11044
29073,30,11044
29073,30,11044
29073,30,11044
29073,30,11044
41365,75,$0
29073,30,11044
29073,30,11044
29073,30,11044
29073,30,11044
29073,30,11044
29073,30,11044
29073,30,11044
29073,30,11044
29073,30,11044
29073,30,11044
29073,30,11044
29073,30,11044
29073,30,11044
29073,30,11044
29073,30,11044
29073,30,11044
29073,30,11044
29073,30,11044
29073,30,11044
29073,30,11044
29073,30,11044
29073,30,11044
75684,30,$24529
29073,30,11044
73656,30,$4197
29073,30,11044
55885,30,2859
29073,30,11044
55280,0,0
50281,30,3616
29073,30,11044
29073,30,11044
29073,30,11044
29073,30,11044
29073,30,11044
29073,30,11044
29073,30,11044
87740,30,7655
29073,30,11044
29073,30,11044
29073,30,11044
29073,30,11044
29073,30,11044
29073,30,11044
29073,30,11044
29073,30,11044
12306,30,0
29073,30,11044
29073,30,11044
45445,30,$22253
29073,30,11044
29073,30,11044
29073,30,11044
26934,30,22864
29073,30,11044
29073,30,11044
29073,30,11044
55749,30,$919
52714,0,$8796
39964,30,$3280
53448,30,$4364
29073,30,11044
29073,30,11044
29073,30,11044
29073,30,11044
29073,30,11044
29073,30,11044
29073,30,11044
36551,30,0
64292,30,$0
29073,30,11044
29073,30,11044
29073,30,11044
29073,30,11044
29073,30,11044
29073,30,11044
29073,30,11044
2074,0,$3259
29073,30,11044
29073,30,11044
29073,30,11044
29073,30,11044
29073,30,11044
29073,30,11044
29073,30,11044
29073,30,11044
29073,30,11044
29073,30,11044
29073,30,11044
29073,30,11044
29073,30,11044
29073,30,11044
29073,30,11044
29073,30,11044
29073,30,11044
17092,30,18895
75707,0,0
29073,30,11044
29073,30,11044
29073,30,11044
29073,30,11044
29073,30,11044
29073,30,11044
29073,30,11044
29073,30,11044
29073,30,11044
29073,30,11044
78076,30,11112
29073,30,11044
29073,30,11044
29073,30,11044
29073,30,11044
88944,30,$17715
29073,30,11044
29073,30,11044
29073,30,11044
29073,30,11044
29073,30,11044
29073,30,11044
35341,75,$0
29073,30,11044
29073,30,11044
15805,75,$20014
29073,30,11044
88331,30,14205
29073,30,11044
29073,30,11044
29073,30,11044
29073,30,11044
29073,30,11044
29073,30,11044
29073,30,11044
29073,30,11044
41871,30,0
29073,30,11044
29073,30,11044
29073,30,11044
29073,30,11044
70959,30,$12167
90024,40,450000
29073,30,11044
29073,30,11044
29073,30,11044
28879,30,8502
58177,30,22378
29073,30,11044
29073,30,11044
48800,30,0
29073,30,11044
29073,30,11044
29073,30,11044
29073,30,11044
65534,0,$0
29073,30,11044
29073,30,11044
29073,30,11044
5740,75,$725
25806,30,11766
29073,30,11044
86154,30,16624
29073,30,11044
29073,30,11044
29073,30,11044
60798,30,2605
29073,30,11044
29073,30,11044
29073,30,11044
44479,99,9618
29073,30,11044
33896,30,0
48778,30,6229
29073,30,11044
29073,30,11044
29073,30,11044
29073,30,11044
68633,30,8355
29073,30,11044
29073,30,11044
29073,30,11044
29073,30,11044
29073,30,11044
29073,30,11044
29073,30,11044
29073,30,11044
51477,30,11632
29073,30,11044
43794,30,13350
29073,30,11044
29073,30,11044
29073,30,11044
29073,30,11044
86582,75,$7578
11323,30,0
29073,30,11044
29073,30,11044
29073,30,11044
29073,30,11044
29073,30,11044
29073,30,11044
29073,30,11044
29073,30,11044
12310,0,0
29073,30,11044
29073,30,11044
29073,30,11044
29073,30,11044
25643,30,$14707
6807,0,$12235
29073,30,11044
29073,30,11044
29073,30,11044
29073,30,11044
29073,30,11044
29073,30,11044
5266,30,12740
29073,30,11044
29073,30,11044
29073,30,11044
42697,30,$15980
29073,30,11044
65374,30,$0
37107,75,20523
29073,30,11044
29073,30,11044
29073,30,11044
29073,30,11044
83769,30,0
29073,30,11044
16146,30,10332
29073,30,11044
67455,30,16592
29073,30,11044
29073,30,11044
29073,30,11044
29073,30,11044
29073,30,11044
16991,75,4538
60025,30,12620
29073,30,11044
29073,30,11044
29073,30,11044
29073,30,11044
29073,30,11044
90024,30,50009
29073,30,11044
29073,30,11044
29073,30,11044
44526,30,12310
40127,30,$0
37688,30,3252
4058,30,$5451
29073,30,11044
80552,30,$14958
26647,30,$12218
29073,30,11044
29073,30,11044
29073,30,11044
44240,99,$0
29073,30,11044
71192,99,$22506
29073,30,11044
29073,30,11044
29073,30,11044
29073,30,11044
29073,30,11044
29073,30,11044
29073,30,11044
29073,30,11044
5896,30,12508
29073,30,11044
29073,30,11044
29073,30,11044
43813,30,20956
29073,30,11044
29073,30,11044
29073,30,11044
75860,30,$27029
33396,30,10757
78561,30,0
29073,30,11044
44046,30,13751
29073,30,11044
29073,30,11044
29073,30,11044
65786,30,16863
34635,30,26826
33783,0,1996
30757,30,$8439
29073,30,11044
29073,30,11044
29073,30,11044
29073,30,11044
29073,30,11044
29073,30,11044
35919,30,$11314
29073,30,11044
29073,30,11044
29073,30,11044
29073,30,11044
29073,30,11044
44047,30,$5676
29073,30,11044
46391,0,28631
29073,30,11044
29073,30,11044
29073,30,11044
6497,30,$16538
29073,30,11044
29073,30,11044
57091,75,8101
29073,30,11044
32502,30,$0
29073,30,11044
29073,30,11044
29073,30,11044
29073,30,11044
46234,30,2970
41638,30,$14508
29073,30,11044
29073,30,11044
29073,30,11044
29073,30,11044
31607,30,14784
29073,30,11044
29073,30,11044
29073,30,11044
67878,30,$4575
29073,30,11044
29073,30,11044
29073,30,11044
29073,30,11044
29073,30,11044
29073,30,11044
29073,30,11044
15973,0,3780
34588,99,$7736
29073,30,11044
33119,75,$0
87176,0,9862
29073,30,11044
29073,30,11044
32085,30,33670
29073,30,11044
29073,30,11044
29073,30,11044
29073,30,11044
29073,30,11044
29073,30,11044
29073,30,11044
29073,30,11044
29073,30,11044
29073,30,11044
63215,0,7960
29073,30,11044
29073,30,11044
23096,30,$29310
29073,30,11044
29073,30,11044
29073,30,11044
29073,30,11044
29073,30,11044
29073,30,11044
58682,30,$24258
29073,30,11044
18916,75,22044
29073,30,11044
29073,30,11044
29073,30,11044
20562,30,18433
29073,30,11044
29073,30,11044
29073,30,11044
29073,30,11044
29073,30,11044
29073,30,11044
29073,30,11044
29073,30,11044
29073,30,11044
29073,30,11044
29073,30,11044
11130,30,10250
29073,30,11044
29073,30,11044
53427,30,280
49859,30,$20078
29073,30,11044
77884,0,11326
29073,30,11044
29073,30,11044
29073,30,11044
29073,30,11044
29073,30,11044
29073,30,11044
29073,30,11044
29073,30,11044
57872,30,0
29073,30,11044
18195,30,$8241
29073,30,11044
81292,0,0
29073,30,11044
29073,30,11044
82704,30,18691
37602,30,$18118
29073,30,11044
29073,30,11044
29073,30,11044
16720,30,$14480
29073,30,11044
29073,30,11044
81598,0,19328
29073,30,11044
29073,30,11044
46919,30,0
29073,30,11044
29073,30,11044
29073,30,11044
29073,30,11044
29073,30,11044
29073,30,11044
29073,30,11044
29073,30,11044
29073,30,11044
29073,30,11044
29073,30,11044
29073,30,11044
29073,30,11044
29073,30,11044
29073,30,11044
29073,30,11044
75191,30,6335
29073,30,11044
29073,30,11044
30720,30,17215
21517,30,$21563
67845,30,0
29073,30,11044
29073,30,11044
29073,30,11044
54732,30,$15988
29073,30,11044
29073,30,11044
29073,30,11044
83853,30,$27778
29073,30,11044
29073,30,11044
20404,99,11232
29073,30,11044
29073,30,11044
29073,30,11044
28163,30,20102
29073,30,11044
29073,30,11044
44635,30,12936
29073,30,11044
29073,30,11044
29073,30,11044
49601,30,8537
29073,30,11044
29073,30,11044
29073,30,11044
49319,30,$30285
29073,30,11044
39955,30,7079
29073,30,11044
29073,30,11044
16985,30,$9948
29073,30,11044
29073,30,11044
29073,30,11044
29073,30,11044
29073,30,11044
29073,30,11044
85759,0,$14861
29073,30,11044
29073,30,11044
29073,30,11044
29073,30,11044
29073,30,11044
29073,30,11044
29073,30,11044
29073,30,11044
29073,30,11044
29073,30,11044
29073,30,11044
29073,30,11044
70886,30,$3835
29073,30,11044
29073,30,11044
29073,30,11044
48768,30,$3577
29073,30,11044
29073,30,11044
29073,30,11044
29073,30,11044
29073,30,11044
29073,30,11044
29073,30,11044
48514,30,3090
29073,30,11044
29073,30,11044
88038,30,22329
29073,30,11044
29073,30,11044
29073,30,11044
29073,30,11044
29073,30,11044
81436,75,$12478
29073,30,11044
45408,0,$6650
81883,30,$8526
29073,30,11044
29073,30,11044
54732,0,$18862
29073,30,11044
29073,30,11044
29073,30,11044
29073,30,11044
82855,30,$18964
29073,30,11044
29073,30,11044
29073,30,11044
49751,30,$13204
29073,30,11044
29073,30,11044
35085,30,9638
29073,30,11044
29073,30,11044
29073,30,11044
29073,30,11044
29073,30,11044
29073,30,11044
85505,30,$13309
29073,30,11044
29073,30,11044
29073,30,11044
29073,30,11044
29073,30,11044
29073,30,11044
29073,30,11044
29073,30,11044
76572,75,$349
29073,30,11044
29073,30,11044
29073,30,11044
29073,30,11044
29073,30,11044
29073,30,11044
29073,30,11044
70798,75,$8019
29073,30,11044
29073,30,11044
33000,30,$10961
29073,30,11044
29073,30,11044
29073,30,11044
29073,30,11044
29073,30,11044
29073,30,11044
29073,30,11044
29073,30,11044
29073,30,11044
29073,30,11044
29073,30,11044
4959,30,30082
68528,30,$0
29073,30,11044
90024,50,98000
