31768,9,5,1,7,4,3,4,3,5,6,3,4,7,6,1,7,3,2,2,5,4,1,7,2,2,1,3,1,9,1,4,1,8,6,5,9,4,2,5,9,5,4,3,9,7,5,4,3,7,3,5,6,9,2,8,6,9,4,4,8,4,1,1,1,4,8,6,3,8,3,3,6,1,7,8,2,1,8,2,9,6,1,7,4,9,2,8,1,8,7,2,1,9,8,8,3,5,8,6,4,6,4,5,2,8,9,1,5,9,4,9,5,7,3,1,3,7,7,5,8,3,7,4,1,6,9,1,7,9,5,1,6,1,6,2,4,7,1,3,1,7,7,5,9,4,3,8,3,7,2
31237,1,3,9,5,1,2,3,9,2,3,8,6,2,9,9,1,3,4,8,4,2,9,8,5,7,9,5,7,9,2,5,2,7,3,3,6,1,4,8,3,8,5,1,4,1,7,3,7,3,2,4,3,9,8,2,9,6,5,1,5,1,4,8,9,6,6,8,9,6,3,9,8,3,4,5,4,9,6,4,9,3,2,2,8,7,4,1,1,9,8,7,3,1,8,2,3,2,7,6,9,8,8,7,1,4,7,4,2,5,6,3,6,3,1,7,2,2,8,3,7,1,1,2,4,4,8,3,1,6,4,2,8,3,3,1,4,4,7,7,2,1,6,2,6,4,1,5,5,6,3
81358,1,6,<8>,7,1,<6>,3,1,8,<7>,8,2,9,<3>,<7>,8,4,8,8,<8>,2,7,3,7,<6>,6,9,4,6,<1>,7,7,1,9,<7>,3,3,2,1,<4>,8,9,6,7,8,6,3,5,5,<7>,8,6,5,8,1,8,9,6,1,<9>,3,7,2,6,4,9,5,1,3,<6>,3,4,9,7,9,8,5,7,7,<2>,7,3,1,4,9,7,4,3,6,<9>,6,5,7,4,2,3,5,9,6,<3>,3,2,4,6,2,3,1,3,7,8,9,4,3,2,5,3,6,9,2,1,9,4,6,6,2,5,9,4,4,4,3,4,6,2,3,7,4,1,9,8,8,4,4,3,9,1,3,5,9,5
55474,5,3,3,8,2,2,5,6,7,7,2,7,3,9,6,3,1,9,2,7,2,7,3,2,9,1,4,9,8,6,4,2,4,6,6,8,5,9,6,3,3,7,9,8,5,4,1,7,6,1,1,5,3,8,6,2,3,3,1,8,6,2,7,8,1,8,6,4,3,7,5,5,2,4,6,2,7,1,9,7,4,4,2,1,3,2,4,4,3,9,7,4,6,5,3,5,4,9,1,2,8,3,3,1,8,6,9,7,1,7,1,5,4,8,2,8,3,8,1,5,2,2,2,9,5,7,7,9,5,8,5,8,5,7,1,1,5,5,4,1,6,7,2,6,7,9,2,6,5,5
78169,2,1,7,1,3,5,8,1,1,8,3,7,2,6,4,6,5,7,3,3,9,2,5,2,3,5,7,9,1,7,8,4,6,1,7,1,9,5,7,6,4,7,7,5,2,8,6,2,5,4,6,2,2,2,8,9,1,7,1,3,4,9,5,3,5,2,9,3,5,6,7,8,5,5,9,5,5,9,1,7,6,7,6,3,1,3,7,9,1,2,8,8,7,6,2,4,6,7,5,9,9,7,6,8,6,8,1,1,4,7,8,6,6,3,2,7,2,2,4,6,3,9,6,5,7,7,6,7,5,3,2,1,1,1,3,2,8,2,5,7,1,9,5,8,7,5,9,3,9,5
70688,6,5,7,4,3,4,4,3,4,8,4,5,9,7,1,7,2,6,5,8,1,3,9,6,2,7,7,7,4,5,1,7,3,7,2,9,6,2,1,7,1,8,8,8,2,5,2,6,3,5,6,4,6,7,2,6,8,4,8,5,4,9,9,8,6,8,2,2,1,1,4,5,7,6,6,1,6,5,8,2,8,6,7,5,3,8,1,1,8,9,5,8,5,4,4,5,1,2,9,2,2,2,6,9,1,9,2,6,3,7,1,6,9,8,7,4,1,8,4,7,4,7,7,8,9,8,2,9,3,4,1,6,6,8,9,1,8,5,6,2,3,4,3,9,6,4,3,5,3,5
19623,1,8,9,4,5,5,1,3,6,1,6,5,9,7,9,9,5,4,1,7,5,7,4,2,7,6,9,8,4,3,6,1,3,3,3,2,9,5,4,7,4,4,6,6,6,1,6,3,9,6,2,1,1,3,2,2,4,5,7,3,8,2,7,1,8,5,1,3,1,5,3,8,2,7,7,2,6,2,3,5,6,2,8,4,5,9,5,6,2,9,6,1,3,4,2,9,4,1,5,1,7,5,2,6,8,1,7,8,4,6,5,1,8,8,6,7,1,9,6,5,9,2,2,4,4,2,3,7,2,6,3,6,6,7,8,7,3,8,3,2,5,7,3,3,4,1,2,6,2,7
43798,7,2,4,4,9,3,4,3,2,5,8,5,1,5,9,3,8,1,5,7,1,5,7,6,1,6,6,4,6,4,1,8,2,1,6,4,8,8,9,6,2,6,6,1,5,7,4,1,4,7,5,5,5,6,2,5,5,4,5,2,7,2,1,7,7,9,1,6,9,8,9,7,5,1,8,2,3,7,2,6,5,5,3,4,6,4,3,7,1,4,3,3,5,4,5,2,6,9,3,4,3,7,3,5,5,5,3,1,1,8,9,8,7,4,8,9,9,1,3,4,3,5,5,5,1,8,7,8,4,8,6,1,2,2,7,4,6,2,3,5,7,4,1,9,7,6,4,5,9,9
33452,8,8,3,1,7,9,7,7,6,1,9,8,4,4,9,5,1,9,1,6,6,4,4,2,9,4,1,3,4,2,8,4,2,2,5,5,9,3,9,2,2,3,5,9,8,8,5,1,6,1,6,1,1,1,9,8,8,4,3,4,6,7,7,3,3,1,6,8,4,4,5,2,3,9,5,7,7,9,2,9,2,6,6,5,6,6,5,3,8,9,4,7,8,5,5,3,6,8,4,5,1,4,5,8,3,3,3,9,1,1,5,1,8,9,4,7,1,7,8,6,5,7,7,4,5,4,4,5,6,3,3,5,4,9,2,6,3,1,9,4,5,8,2,9,8,2,6,7,3,3
48139,9,1,9,1,6,1,3,3,8,4,8,5,6,6,3,5,9,5,8,9,4,7,4,1,5,6,8,2,7,2,1,2,1,6,5,6,6,7,3,4,4,8,2,1,8,6,7,1,8,7,8,2,1,9,5,2,4,4,7,1,2,1,7,5,7,3,8,3,8,5,6,1,6,1,8,1,1,6,2,8,9,6,9,5,2,4,5,2,1,4,9,2,6,7,8,1,5,4,1,4,4,6,3,1,1,7,9,6,5,3,5,8,8,3,4,6,3,8,5,9,7,8,5,9,2,7,2,2,7,7,5,3,3,3,5,9,2,2,5,9,7,3,5,9,9,8,4,5,6,8
29694,4,6,6,7,7,4,6,5,3,9,4,5,2,7,6,2,6,7,4,4,1,6,5,5,3,7,4,3,6,1,5,3,7,7,9,6,6,8,8,9,1,7,2,8,7,4,3,6,8,3,9,1,7,2,2,3,4,7,4,8,8,1,2,6,2,8,3,5,3,2,8,6,9,3,2,8,9,8,5,1,3,5,4,4,2,3,5,6,4,6,6,8,9,9,3,4,9,3,2,2,4,6,5,1,2,5,4,2,2,6,3,1,9,1,5,8,2,4,4,3,4,9,3,8,1,5,1,8,1,9,4,4,4,5,7,5,9,4,2,1,2,9,5,6,2,8,4,8,9,7
41599,3,6,7,5,8,9,2,3,5,3,6,8,4,3,8,2,1,5,6,3,5,8,3,2,4,6,9,5,6,1,9,6,3,5,2,7,3,6,4,4,1,5,7,1,9,4,-99999,3,2,2,4,5,2,5,1,8,2,5,7,9,9,9,3,5,4,3,2,2,3,2,6,1,1,6,5,2,5,6,4,1,1,3,8,7,5,5,8,2,4,7,8,6,1,9,6,6,1,2,1,5,5,5,8,9,7,9,8,3,7,3,7,9,5,9,3,6,5,2,3,4,3,4,1,9,9,5,9,4,9,8,3,7,1,3,1,1,1,9,1,4,9,2,6,5,4,9,2,4,8,5
64256,1,1,2,3,9,2,5,9,9,4,7,3,7,6,3,9,2,7,1,9,1,6,9,2,4,6,1,5,3,4,7,4,5,9,2,8,4,6,5,4,4,3,6,8,3,6,6,9,6,6,2,7,8,7,4,5,2,2,1,5,6,2,1,5,8,9,2,8,9,9,1,5,4,6,7,2,6,7,6,4,7,2,1,9,6,4,8,1,5,2,6,7,9,8,5,7,7,6,7,8,2,8,8,2,6,7,8,3,9,3,3,3,6,5,8,6,2,6,4,4,5,8,9,3,9,9,4,9,9,7,7,2,2,9,1,7,1,5,5,8,3,6,4,6,2,3,5,9,3,1
73015,4,9,8,9,2,4,6,6,3,2,3,8,5,8,5,9,3,2,3,8,3,8,5,2,3,3,6,8,5,2,8,7,9,2,8,9,4,9,1,5,8,3,6,2,2,5,2,6,2,3,8,6,9,7,4,7,3,8,1,3,5,1,8,5,5,9,6,3,2,7,6,9,7,2,8,8,2,8,2,3,5,6,6,5,7,5,8,1,5,1,3,1,2,6,5,3,5,7,8,1,9,9,1,8,3,1,8,2,1,6,5,6,9,3,6,6,7,8,6,6,1,3,7,9,9,9,8,1,9,6,5,1,4,5,5,4,2,7,8,5,2,1,6,2,9,2,6,8,3,5
41767,4,7,5,6,9,6,5,6,8,9,8,4,8,4,7,4,8,6,5,5,2,8,4,8,3,9,2,1,5,4,6,9,3,2,1,9,7,8,9,6,4,8,5,8,8,5,7,9,6,7,9,7,3,5,7,2,4,1,2,3,4,5,4,9,7,4,9,4,4,7,1,3,2,1,6,8,4,1,7,2,9,9,4,7,8,7,7,6,5,5,9,8,5,8,7,5,6,7,4,4,2,8,8,1,9,2,7,8,9,8,2,5,5,8,5,7,7,6,1,3,5,8,6,6,6,3,5,2,1,9,4,1,6,1,4,4,7,9,6,8,2,1,5,6,9,3,4,4,7,7
66920,3,3,7,9,2,4,4,1,5,8,4,4,5,8,8,8,3,2,8,6,7,9,4,2,6,8,3,8,1,3,3,8,7,1,4,4,6,1,5,7,4,4,7,3,2,6,6,3,9,6,8,8,4,2,8,5,5,4,7,2,9,6,7,2,6,8,1,6,9,6,4,2,2,2,7,8,6,4,1,4,2,6,7,4,2,7,9,8,5,8,6,9,5,7,7,6,8,6,6,7,9,5,5,4,9,3,4,3,5,7,2,2,6,1,7,1,1,1,9,9,4,8,8,2,5,5,9,8,5,1,3,5,5,8,9,3,8,3,2,8,6,6,7,7,9,5,5,8,8,6
95584,7,3,7,1,8,9,3,3,6,8,2,9,1,3,4,6,2,6,8,9,2,2,4,4,3,5,4,4,5,2,6,3,7,9,9,5,3,9,1,9,8,9,4,5,1,4,6,8,9,6,2,7,6,7,3,6,3,6,5,2,2,1,3,8,8,5,5,1,2,9,9,2,2,7,2,9,9,1,1,2,7,9,5,4,3,3,5,5,8,3,4,3,1,9,3,8,1,4,2,5,7,6,8,1,8,2,7,1,6,5,1,9,6,3,4,4,7,3,6,7,7,7,5,4,6,2,2,9,4,7,2,4,2,6,6,2,8,2,5,4,7,6,9,1,2,7,8,8,5,7
83506,7,9,8,1,8,2,7,6,6,3,3,3,3,8,4,3,5,1,1,8,6,7,6,7,8,4,8,1,3,3,3,3,8,3,4,5,7,8,3,6,1,1,4,9,5,1,3,6,6,5,1,9,2,2,4,7,1,5,2,7,7,6,8,7,1,7,2,6,9,6,1,4,5,6,2,6,1,1,4,6,1,4,9,8,2,5,7,2,1,1,7,3,4,7,8,7,4,5,8,8,9,2,5,3,6,7,3,2,1,3,9,6,2,8,5,8,8,7,1,4,7,7,1,5,9,7,2,5,9,4,6,6,5,1,2,8,1,6,8,3,8,2,4,7,9,4,3,1,4,4
65629,4,2,3,3,7,4,5,7,7,3,5,7,8,9,5,6,4,9,2,4,8,7,2,2,3,8,8,6,7,2,6,6,6,9,2,6,8,9,8,8,1,3,3,4,8,9,2,8,8,4,6,7,1,4,4,3,2,1,6,1,7,8,5,7,9,7,4,6,8,3,8,6,3,1,1,1,9,4,7,3,1,2,7,7,4,3,7,7,7,8,1,1,8,2,3,6,9,5,1,1,9,8,9,5,9,2,7,6,7,9,5,5,1,5,8,6,8,5,2,1,7,5,1,4,2,2,9,4,9,5,9,4,7,2,8,3,3,2,5,7,7,5,1,1,5,2,3,4,8,8
55383,4,6,3,8,2,5,8,5,1,4,4,4,3,8,2,7,4,7,7,5,4,5,8,2,7,7,1,6,3,3,3,6,4,8,9,8,3,2,5,8,6,2,9,6,4,3,3,3,6,9,1,3,5,4,2,6,6,9,6,1,2,5,3,3,9,7,6,3,9,5,2,3,7,4,1,2,1,4,7,1,4,9,8,6,8,9,9,8,3,1,8,4,6,7,3,4,1,8,3,4,9,5,9,1,4,3,5,7,6,7,5,9,9,4,3,9,2,5,7,3,7,3,6,3,9,1,4,3,6,3,9,9,8,6,8,7,7,9,6,3,6,6,1,9,5,5,6,9,5,7
67776,5,3,5,7,7,2,9,2,5,7,9,8,5,5,5,8,6,4,6,6,7,5,8,8,2,7,5,1,3,8,7,2,6,6,6,5,8,3,4,8,5,2,5,4,3,8,8,9,3,9,1,3,1,6,4,1,5,5,4,6,1,7,3,7,9,3,8,1,4,5,4,9,4,4,5,8,3,4,8,8,7,4,5,6,8,2,1,4,8,7,9,5,9,3,4,8,9,9,8,5,6,1,2,2,7,8,9,9,9,6,8,1,2,9,4,1,5,1,5,6,6,4,8,3,6,3,3,5,7,3,7,1,5,1,2,4,4,1,8,3,4,2,6,5,5,1,1,9,3,9
73331,4,3,1,7,4,9,9,9,4,7,2,1,7,2,8,7,8,5,5,9,8,4,1,2,5,1,1,8,2,6,3,8,2,9,1,2,8,7,9,1,3,2,8,4,6,9,3,3,8,4,5,7,2,6,9,1,3,2,6,1,2,6,8,4,4,1,9,9,2,9,9,7,8,4,3,5,3,5,6,1,5,1,8,9,6,1,7,5,7,9,9,1,3,6,4,5,4,7,7,4,3,3,4,3,3,6,7,9,6,2,1,4,9,2,3,9,1,7,9,3,6,7,7,9,9,7,8,3,4,1,8,8,6,9,1,4,3,1,8,2,5,2,2,5,7,9,5,4,4,4
74865,5,4,9,1,9,7,3,4,5,9,8,9,4,3,4,7,7,7,2,1,7,2,7,8,1,1,6,4,8,1,6,8,4,5,4,9,4,6,2,8,6,5,2,6,8,6,5,7,8,1,2,2,6,9,5,4,4,2,8,3,6,2,1,4,5,6,6,3,9,6,9,8,6,4,7,4,1,5,4,3,9,5,7,6,6,4,1,2,1,2,1,8,3,4,7,8,7,7,9,6,4,6,5,1,8,2,7,5,2,5,1,7,1,3,8,6,4,5,3,9,7,6,6,2,7,6,3,5,8,9,1,4,6,8,8,2,5,1,9,3,1,6,8,6,1,8,1,5,2,9
72992,7,4,3,7,3,3,3,3,5,2,3,3,5,7,1,3,3,1,8,2,2,1,2,9,2,4,6,6,4,4,3,8,5,6,5,4,9,4,3,8,5,7,9,4,6,9,2,5,7,6,4,9,2,4,8,4,4,6,4,7,5,6,2,8,9,9,3,2,5,1,2,7,9,9,7,5,2,1,7,7,4,6,5,8,3,4,1,7,1,9,7,4,2,1,6,2,7,2,9,8,2,8,5,1,8,1,7,9,8,4,5,7,6,6,8,9,4,1,3,5,8,6,5,5,6,7,8,3,3,4,9,9,2,1,6,7,4,4,3,8,1,3,1,5,8,8,6,6,1,8
26945,8,9,4,7,6,5,4,1,3,4,4,9,8,2,9,3,3,9,1,1,2,7,3,6,1,6,8,9,4,6,3,6,6,6,8,5,8,5,3,6,4,6,2,7,6,5,5,1,7,8,5,5,8,2,8,8,6,5,4,7,7,3,9,7,4,1,2,8,5,2,1,8,1,8,9,2,9,8,7,3,6,3,6,2,9,6,9,3,2,5,9,9,3,8,7,4,9,2,8,5,6,9,4,3,5,5,3,9,1,5,9,4,9,5,1,9,9,9,1,2,9,5,8,8,9,6,3,9,6,3,7,1,9,6,8,8,2,1,8,2,9,6,3,3,3,5,3,1,4,1
60363,5,2,2,9,7,4,6,8,2,1,3,9,5,9,1,9,1,6,7,9,3,3,3,3,1,1,7,9,8,6,1,4,7,7,1,6,4,8,6,5,4,3,6,5,2,4,1,3,8,5,2,1,9,4,8,4,4,1,3,7,7,2,5,5,5,4,8,8,7,5,3,4,3,3,8,8,1,6,2,6,5,5,6,9,1,9,7,5,4,9,2,1,6,6,5,9,4,2,5,5,9,3,3,9,4,9,9,3,4,1,8,6,8,3,5,8,5,2,6,8,6,7,8,1,3,5,6,2,7,1,1,5,5,4,3,8,9,3,1,8,7,5,4,4,1,8,6,1,2,8
30919,8,7,9,8,8,2,9,1,6,5,4,8,3,6,8,2,3,8,4,7,9,4,9,7,8,8,8,6,1,8,7,7,8,3,6,4,1,8,8,9,2,6,7,5,4,4,7,3,8,6,7,1,1,4,1,3,7,5,7,5,6,3,8,1,4,6,3,4,3,6,2,7,1,7,8,5,4,7,4,3,5,7,4,8,2,8,1,9,2,7,5,9,6,7,8,4,1,4,8,1,9,9,7,1,8,3,7,2,1,7,1,6,9,1,2,3,4,7,7,8,1,5,2,3,6,3,3,2,3,8,7,7,9,6,6,9,3,8,5,8,4,8,4,9,3,2,1,3,8,4
13665,8,6,7,6,5,6,4,6,2,1,8,6,5,9,3,3,2,2,1,1,5,6,6,9,4,6,1,9,7,6,1,3,8,5,4,5,2,3,6,7,6,8,7,2,3,9,2,2,9,9,4,4,1,2,5,8,7,6,8,5,3,2,8,2,4,4,2,1,2,8,1,1,5,7,4,6,2,6,3,5,3,3,4,4,4,1,6,1,1,9,1,7,4,2,2,9,3,2,7,3,6,5,1,1,1,1,7,7,5,9,7,4,3,5,9,1,1,8,7,8,6,8,4,8,1,1,1,9,1,7,2,3,9,7,6,3,9,7,2,5,8,1,4,1,3,4,4,7,2,5
91531,1,9,3,5,4,1,9,2,6,6,4,7,6,6,9,1,6,6,9,4,2,5,7,8,4,5,9,9,6,5,4,9,1,5,7,8,2,4,6,7,1,7,4,7,6,3,3,3,2,1,7,7,8,7,1,4,3,6,3,1,3,4,6,1,3,7,9,9,9,3,2,7,3,8,4,5,8,8,2,9,5,7,3,7,2,2,5,4,5,6,9,5,6,6,7,8,8,2,3,6,8,6,4,8,8,2,2,3,6,1,9,1,1,9,6,1,3,4,2,8,6,9,7,6,7,4,9,2,4,7,8,9,6,4,4,4,7,3,7,6,6,1,2,4,5,3,8,2,6,4
42840,5,9,4,4,9,1,2,9,2,1,9,2,8,2,4,8,3,3,1,2,9,3,3,3,6,5,4,2,1,8,6,4,7,5,5,8,6,7,2,7,4,3,6,7,6,3,1,8,2,8,3,9,4,9,1,3,3,1,2,9,8,3,2,2,7,4,8,2,6,7,1,8,8,6,5,2,4,4,5,9,7,1,7,9,2,3,7,8,4,2,7,5,1,4,6,1,9,7,9,8,7,6,4,7,7,1,5,7,8,7,7,9,6,1,8,7,1,9,7,2,8,6,5,1,9,2,5,6,9,1,2,7,4,5,4,5,7,1,9,7,7,2,6,4,6,8,6,6,7,7
63607,6,8,4,4,7,9,3,2,1,5,4,8,9,1,8,2,6,2,5,9,7,1,4,1,6,7,6,2,6,3,2,2,6,9,4,7,1,6,7,4,4,4,6,2,8,4,7,1,5,5,9,7,4,6,4,2,7,4,2,6,5,4,3,7,3,5,9,4,7,9,6,2,9,1,9,6,4,2,6,5,1,3,2,3,8,9,4,6,3,9,4,1,4,2,6,6,2,1,1,5,2,4,9,2,7,7,5,1,8,2,7,3,6,2,4,3,8,4,9,8,3,2,9,1,1,8,8,4,7,8,8,3,5,6,8,5,9,2,9,6,9,7,3,9,8,4,6,9,1,9
73266,1,3,2,5,6,4,5,1,1,2,6,6,9,9,1,3,8,9,3,8,3,6,7,3,8,3,9,8,8,1,3,4,4,1,2,5,5,5,8,5,3,3,2,7,7,5,3,6,3,6,6,9,3,8,3,3,5,5,5,5,4,8,3,3,8,1,3,9,7,3,5,1,3,9,7,2,4,8,1,3,1,5,2,7,7,7,4,7,5,7,6,3,3,7,4,7,1,1,6,4,4,8,9,3,5,7,4,3,9,3,7,4,4,3,9,7,7,1,9,9,3,3,1,3,1,2,3,4,2,6,2,2,1,9,1,6,2,4,2,1,7,7,6,7,8,1,7,6,1,3
99900,2,2,4,8,2,2,4,5,2,6,5,6,7,5,8,2,2,3,7,8,3,4,3,2,3,3,8,3,9,1,4,8,7,9,5,5,6,7,1,5,7,6,3,1,9,6,5,7,4,7,2,9,9,4,6,3,2,7,6,5,3,5,1,4,2,2,6,8,4,8,1,6,5,6,4,9,3,4,7,6,6,1,4,3,3,6,7,9,5,2,6,3,4,4,8,9,2,7,9,2,9,2,9,9,9,8,3,6,2,3,7,2,9,4,7,8,2,9,4,2,2,1,5,2,7,3,8,1,8,2,8,7,2,5,6,5,8,8,1,5,4,9,3,9,7,5,5,9,1,7
68650,4,2,2,8,8,7,1,7,4,2,9,2,4,8,8,2,9,7,2,7,7,1,4,3,1,9,7,8,9,9,9,3,6,7,1,8,6,6,8,5,5,8,2,7,7,5,1,3,4,2,3,6,3,9,9,5,2,9,8,9,8,5,5,9,8,1,5,4,7,7,4,4,5,9,4,5,2,4,4,6,7,1,5,3,4,5,3,7,2,2,2,1,5,4,6,9,5,5,9,3,4,7,6,7,1,3,1,6,5,5,3,4,6,2,6,8,1,5,3,6,5,9,1,5,4,7,8,4,4,4,8,7,1,9,4,6,7,9,5,7,6,8,7,8,6,9,8,3,3,2
69032,8,8,5,3,4,3,7,5,8,9,8,6,3,4,8,6,9,4,5,3,8,6,5,1,4,6,9,4,2,5,1,3,2,2,2,2,3,7,8,8,5,8,8,9,6,8,6,9,3,7,8,8,5,7,2,7,1,2,5,3,3,9,9,2,5,6,6,9,6,7,6,3,6,7,3,9,2,2,2,2,5,5,7,3,9,3,2,5,1,3,9,1,6,3,6,4,5,9,8,8,8,8,8,6,8,9,9,3,8,9,1,6,2,8,9,5,7,8,2,4,9,8,4,5,4,2,6,3,1,6,2,2,3,2,6,8,3,9,8,1,5,4,1,5,1,6,3,2,9,3
24012,1,8,3,9,5,6,2,3,2,5,5,9,8,7,4,6,4,8,3,1,8,8,4,3,6,7,2,4,6,8,3,4,5,9,6,3,6,8,6,6,1,8,4,8,3,8,8,8,4,4,4,3,4,4,3,7,7,2,9,7,4,1,3,2,2,8,3,5,9,3,4,6,7,8,3,8,9,1,3,4,7,8,4,6,6,4,5,3,7,9,9,3,1,1,1,9,7,2,7,3,8,9,7,4,4,2,1,1,9,5,3,2,8,9,5,3,7,2,5,7,1,9,6,8,1,2,6,6,3,9,1,9,5,9,3,9,4,5,7,1,1,1,5,9,3,7,6,4,3,3
82157,6,5,5,7,2,9,8,5,4,1,5,9,6,3,6,9,2,4,7,3,6,6,6,5,4,2,9,6,3,3,6,3,5,6,2,4,2,6,7,1,2,2,4,9,4,2,8,8,3,4,8,8,6,6,6,8,4,8,9,5,2,7,3,8,6,8,5,7,3,1,6,6,1,5,6,4,6,6,8,9,4,1,8,7,6,8,4,2,7,6,7,6,5,9,1,6,7,8,1,7,9,6,8,1,8,4,4,1,7,6,6,4,2,7,7,1,7,1,5,5,1,6,1,2,9,3,2,3,3,2,1,9,9,1,3,8,8,3,3,8,2,7,6,9,5,7,8,1,1,1
31047,5,8,3,7,1,5,1,5,5,6,8,3,5,5,6,1,4,7,2,5,7,7,2,6,1,9,6,1,8,7,8,7,3,8,7,8,3,6,5,7,2,6,2,1,3,3,5,1,6,3,6,6,5,4,7,7,3,9,1,3,2,5,5,9,3,8,7,6,5,5,6,2,7,4,9,1,6,7,3,8,1,5,3,7,7,7,8,5,8,3,2,7,3,2,2,9,9,7,1,5,4,9,3,5,5,5,2,2,6,2,9,1,7,3,6,3,2,5,5,5,6,6,2,2,3,4,2,1,9,8,5,3,4,7,4,1,1,4,4,1,5,5,8,2,2,7,6,9,3,5
43571,6,3,2,3,9,6,8,2,2,4,2,6,8,1,6,5,9,6,1,2,2,7,5,9,5,5,2,4,6,8,8,2,4,7,4,5,3,5,1,1,1,8,5,3,6,9,7,5,3,6,7,7,2,3,7,7,2,3,7,7,6,9,1,3,6,2,2,6,6,1,3,8,9,3,7,4,9,1,1,8,2,8,4,2,2,8,5,4,9,5,7,9,5,1,5,3,8,8,7,8,4,3,4,3,7,9,4,2,8,6,1,6,1,7,3,4,7,8,2,6,8,8,9,2,6,5,6,8,3,7,1,3,5,3,5,7,3,5,1,7,5,3,2,3,8,8,8,3,6,2
14517,6,7,9,7,4,3,8,5,2,9,8,2,6,8,5,6,4,8,6,2,1,1,7,6,3,3,2,8,6,2,3,8,1,7,7,6,4,8,4,7,5,7,4,1,2,3,1,2,3,2,8,5,1,1,9,7,7,6,6,5,5,8,6,3,4,3,6,9,5,9,3,3,2,2,5,6,8,5,1,8,9,4,2,8,9,2,5,1,4,7,8,2,8,3,4,1,1,6,4,8,8,8,7,8,9,4,5,1,9,9,9,6,4,3,2,8,9,4,4,2,4,2,2,9,4,2,8,4,9,7,8,8,1,2,7,4,7,6,2,2,9,6,6,6,3,7,5,4,5,3
79772,8,2,4,4,3,3,8,5,6,3,3,5,7,8,9,6,7,9,2,8,7,6,8,7,2,3,9,4,6,7,3,8,6,1,4,9,1,7,9,3,5,6,8,1,6,8,3,2,3,1,5,6,4,9,2,3,5,8,5,5,7,7,3,2,1,2,6,7,8,8,3,1,3,7,3,3,7,4,8,6,2,9,2,4,9,7,3,6,2,7,5,3,4,3,1,2,5,4,8,2,8,2,8,7,2,4,8,2,1,7,2,3,8,5,5,2,3,7,9,1,2,5,2,5,4,2,6,9,3,4,1,8,9,4,6,2,5,5,5,4,7,9,4,9,6,8,9,5,5,7
13720,8,8,2,2,8,1,9,1,2,8,5,3,3,7,2,4,8,1,1,5,1,7,7,8,6,6,5,1,5,4,5,8,3,6,3,6,6,7,7,5,8,1,7,2,8,9,6,7,8,3,7,7,6,3,3,1,8,7,2,1,3,9,8,6,6,9,5,5,7,5,2,1,8,6,2,3,5,9,5,2,4,4,6,3,2,9,5,2,4,1,9,5,7,3,3,4,2,4,6,5,4,7,1,3,5,5,6,7,5,3,9,8,8,5,5,2,2,1,7,6,6,8,8,6,6,3,9,5,3,7,9,1,6,6,3,7,7,3,4,5,2,7,3,8,3,3,1,2,1,9
48464,1,2,1,1,2,1,2,7,5,8,6,5,2,9,5,7,3,2,7,2,6,5,6,9,8,1,3,6,8,3,5,4,9,8,6,3,9,1,6,9,8,4,9,9,9,5,3,5,7,1,5,7,6,3,6,5,6,7,6,9,3,2,3,2,5,2,8,6,3,9,2,2,8,7,8,8,2,2,8,6,5,9,1,5,1,1,3,2,8,4,9,8,4,1,1,8,1,1,6,9,2,3,3,1,5,4,4,9,7,3,4,9,7,9,4,3,9,2,2,8,8,7,7,5,6,4,9,4,3,4,1,3,8,1,5,2,4,5,3,1,2,1,2,4,7,8,9,1,7,8
93183,7,4,8,6,5,7,7,9,8,9,3,3,5,3,3,4,2,7,3,7,8,1,2,1,9,5,5,4,5,5,5,9,8,9,8,8,5,6,5,2,2,1,7,2,9,7,4,5,2,5,5,5,5,1,9,6,7,6,9,1,3,4,4,8,8,3,6,4,7,8,7,1,1,1,8,9,6,5,5,8,4,4,1,4,9,6,8,8,5,1,1,7,6,5,5,8,2,7,6,1,4,9,3,2,7,4,9,2,2,4,1,3,9,5,6,1,7,4,3,8,6,4,5,1,6,9,7,7,8,4,6,3,4,8,8,6,5,4,1,6,6,7,7,7,7,7,7,3,7,5
43695,6,6,5,5,1,6,2,8,1,1,1,9,2,3,1,5,7,6,9,5,2,1,2,4,5,2,2,8,1,9,9,5,7,2,1,3,6,1,2,8,9,7,9,7,5,9,2,3,1,2,7,5,5,9,7,1,2,6,5,6,3,9,2,4,2,5,8,6,2,1,8,7,3,8,1,5,1,3,8,1,9,4,3,2,5,1,8,5,1,3,1,9,5,1,3,6,4,2,7,8,7,5,3,8,7,7,6,9,1,2,9,2,1,1,2,2,8,9,3,7,3,9,6,4,2,9,7,8,3,5,2,8,4,5,7,4,9,4,2,2,5,2,1,8,9,2,7,6,1,3
56661,4,8,1,1,1,8,6,2,5,1,3,1,2,6,3,6,3,3,4,1,5,9,2,7,7,6,9,9,8,8,4,3,8,7,3,2,1,1,3,8,5,5,4,3,2,5,9,6,9,9,4,7,3,6,8,6,2,2,4,8,3,5,1,7,6,3,3,1,8,9,8,5,8,1,1,6,7,4,4,6,6,7,3,4,8,9,4,3,1,3,8,9,6,6,1,4,4,3,2,6,3,2,6,5,3,9,7,2,8,7,7,1,9,5,1,3,9,4,8,5,6,7,1,5,4,2,1,1,6,3,5,1,2,5,6,6,1,8,4,7,3,9,3,9,1,2,2,2,1,3
56214,9,3,3,8,3,7,3,8,7,8,7,3,6,4,6,5,3,7,7,6,8,4,2,1,3,6,8,1,4,2,7,9,2,2,9,8,2,4,7,4,6,5,6,4,3,3,6,4,3,3,6,5,6,1,2,6,7,9,3,1,4,1,3,7,2,5,6,3,9,9,9,4,2,7,7,9,7,2,5,1,8,7,5,5,9,9,2,3,6,1,8,2,1,9,9,9,5,3,8,8,9,2,9,4,4,6,4,8,1,2,1,7,4,9,6,8,9,4,7,2,4,8,4,3,1,7,1,4,3,1,2,5,5,6,4,6,8,3,3,3,9,3,4,2,9,5,1,4,6,3
92815,9,7,7,6,1,9,9,3,1,7,8,4,6,7,5,2,1,5,8,4,2,2,2,5,6,8,3,4,9,2,1,3,6,2,4,6,2,9,4,9,7,4,7,2,2,8,5,1,1,3,3,5,1,2,8,1,7,1,4,3,7,2,7,1,2,7,4,5,5,8,8,6,9,7,2,5,9,6,6,4,1,8,2,9,4,9,3,2,2,1,2,3,8,8,1,7,5,6,2,7,5,2,4,4,7,9,3,2,5,4,7,8,7,1,1,1,5,4,1,5,8,3,5,3,3,3,2,5,9,7,3,9,5,6,3,1,7,2,9,7,5,2,7,2,2,6,2,4,5,6
72489,5,7,3,3,3,6,5,7,5,2,5,4,4,7,6,7,8,5,9,2,7,5,1,4,9,8,2,1,3,6,6,2,9,8,9,2,7,1,5,2,1,8,2,6,8,4,9,1,8,2,5,6,6,4,8,4,9,8,7,8,4,2,6,1,8,5,5,7,4,5,3,7,9,2,4,9,2,8,5,7,8,2,2,7,5,2,5,8,1,3,1,1,3,6,9,4,8,4,3,8,7,5,4,3,5,2,4,7,3,2,8,7,9,5,1,9,8,9,6,2,5,3,1,3,8,4,4,6,7,9,3,2,5,4,8,1,1,6,5,3,4,7,9,2,9,9,5,4,8,7
75665,6,4,9,2,3,4,3,6,9,4,7,4,6,9,7,8,7,6,7,9,6,4,2,6,3,7,6,5,9,2,2,9,7,9,5,6,3,2,5,1,7,9,6,8,6,1,1,8,4,6,7,6,9,9,8,2,5,4,6,1,2,3,3,9,2,9,6,5,1,7,2,5,7,9,9,5,6,6,1,9,4,5,8,7,8,1,3,6,8,5,4,9,1,3,6,6,6,4,7,7,2,1,9,9,4,8,9,1,7,4,1,2,7,4,3,2,1,8,6,7,4,9,7,6,2,6,2,6,3,7,6,9,4,5,4,3,9,3,4,3,6,3,7,5,4,5,8,3,9,8
71389,9,6,4,1,4,2,7,8,7,4,3,5,6,1,8,9,9,7,1,9,3,3,8,6,2,6,8,8,9,5,3,2,9,2,2,2,6,8,8,7,4,7,8,2,1,5,5,3,3,7,6,8,7,4,1,5,7,6,5,4,8,3,7,6,2,3,7,9,4,7,3,1,2,2,9,9,9,6,9,4,1,4,7,3,4,6,8,8,9,2,8,8,5,1,7,3,6,9,3,6,5,8,6,2,3,3,3,3,2,6,9,3,3,8,1,4,5,2,9,9,4,4,4,7,3,4,9,1,8,4,9,4,3,2,4,1,6,9,3,9,3,7,8,8,7,2,1,5,6,9
42646,7,8,6,9,5,7,7,5,5,3,9,1,5,1,2,7,4,8,1,6,4,1,1,1,4,9,8,4,2,3,3,2,7,5,3,6,6,2,4,1,2,8,2,7,6,1,3,6,1,1,7,3,6,4,8,1,2,4,4,5,2,3,4,1,3,3,9,6,4,2,8,2,7,8,7,6,3,8,1,6,4,5,8,2,1,7,9,8,9,4,4,8,3,2,8,9,4,5,2,7,1,9,9,7,1,7,3,5,8,5,1,2,4,8,9,1,8,4,2,7,5,6,5,8,4,9,2,8,3,6,2,6,3,3,7,9,6,1,5,1,3,6,7,9,2,6,5,6,3,5
21617,5,7,9,1,6,2,4,1,6,7,4,5,6,7,7,5,5,3,3,2,7,1,6,6,2,1,3,5,6,7,7,2,9,4,2,2,6,5,4,6,8,4,6,2,2,4,9,6,2,5,4,8,8,1,6,5,4,9,9,8,7,9,4,5,2,6,2,8,9,8,3,1,1,6,1,1,4,4,1,3,1,4,6,7,7,5,4,5,6,9,5,7,2,5,2,1,7,8,6,1,6,7,2,7,5,6,7,3,1,8,9,3,2,2,3,4,7,9,7,7,1,6,1,9,2,3,8,3,5,3,3,2,6,7,3,9,8,7,6,5,1,1,3,9,5,7,4,1,1,6
61146,9,6,8,8,7,1,6,1,7,2,2,4,7,6,6,5,4,5,8,7,3,1,7,6,2,1,7,7,5,4,5,3,7,2,4,9,2,2,4,7,6,1,4,3,1,7,7,1,3,8,6,3,9,8,6,7,2,6,5,4,4,1,6,7,2,2,5,3,6,2,5,8,8,4,6,9,5,1,1,4,2,9,7,4,8,1,5,7,4,4,8,6,1,7,2,8,8,8,6,9,5,9,9,1,5,5,2,2,1,7,4,7,3,1,6,2,8,2,6,1,2,7,1,7,9,3,4,5,3,5,1,2,9,8,8,3,4,8,1,4,7,9,9,2,6,5,1,1,9,8
31450,1,1,2,7,1,9,1,1,1,4,3,7,6,4,3,2,1,6,6,3,3,3,7,8,7,9,7,7,2,1,4,7,5,1,3,3,2,1,3,1,5,6,8,8,8,3,9,9,1,2,9,4,8,8,6,1,9,6,9,2,1,3,9,4,2,4,7,8,2,2,7,5,8,7,7,4,9,5,3,4,5,3,2,9,7,8,3,2,3,3,3,5,3,1,2,8,5,2,6,4,2,9,2,2,7,7,5,7,2,6,4,2,3,2,7,3,7,4,1,7,7,3,3,8,3,4,5,1,3,2,6,7,1,2,2,3,7,9,1,6,7,1,5,6,7,9,9,2,7,4
35027,1,4,4,3,6,6,7,4,6,1,3,2,7,3,3,3,5,7,3,6,6,3,1,5,5,5,6,3,3,6,6,5,5,9,8,8,1,5,1,4,7,6,5,2,3,9,9,2,5,9,1,1,7,9,5,7,9,1,4,8,9,3,9,4,6,9,5,8,7,5,7,1,1,8,6,4,7,9,1,6,7,7,9,6,9,3,8,4,3,2,2,3,3,4,5,7,2,4,5,4,6,3,7,8,2,1,4,8,4,3,6,6,7,5,6,3,6,2,3,6,5,6,2,2,2,6,3,8,2,7,3,5,4,7,3,3,2,5,5,3,4,5,4,2,3,5,8,4,4,6
77073,3,4,4,4,6,2,8,7,1,6,7,8,4,9,7,1,3,8,5,7,1,1,4,7,6,7,9,6,8,9,6,8,1,5,3,6,7,9,9,2,5,8,8,7,8,9,6,4,9,2,3,6,8,9,1,9,6,6,3,8,3,6,4,3,6,9,4,9,7,6,8,9,1,4,1,1,3,2,9,6,9,9,9,7,1,6,6,8,8,8,7,9,6,9,8,4,7,3,7,1,5,1,7,7,8,4,4,9,7,8,7,5,1,9,7,9,6,5,5,9,4,1,6,9,9,7,2,9,2,6,9,2,5,6,6,5,3,5,2,4,7,7,1,6,2,4,6,7,5,4
23787,1,6,2,6,6,6,9,1,2,1,9,9,2,4,9,4,6,9,9,4,8,1,4,1,9,6,1,2,9,6,6,1,8,9,1,9,9,6,9,4,4,3,1,1,7,9,2,3,3,2,7,5,3,9,6,2,5,5,1,9,4,1,6,7,8,4,5,1,4,3,9,4,9,9,3,9,2,6,1,9,5,7,5,1,7,8,5,9,2,5,6,1,2,4,5,9,5,1,7,5,9,1,1,1,9,5,5,8,9,5,7,9,7,3,4,4,6,3,2,2,5,2,4,4,7,8,5,3,3,9,3,8,1,8,1,6,8,3,8,2,3,3,7,3,5,6,4,2,9,7
31004,2,6,5,2,4,2,3,9,4,6,3,3,4,6,6,8,4,4,9,1,6,9,3,6,2,6,8,2,7,6,5,8,9,5,1,3,9,7,4,2,3,4,3,5,7,3,5,2,1,3,4,6,2,9,9,9,4,1,2,8,1,4,8,9,8,8,9,2,1,8,4,4,7,5,3,1,5,9,2,6,6,4,4,9,6,3,2,8,3,6,2,5,1,5,3,3,5,9,2,5,8,2,5,3,3,4,3,4,3,4,2,6,3,5,4,4,6,7,3,8,5,1,5,2,6,9,6,4,2,4,7,7,2,8,4,5,6,7,7,5,5,1,4,3,8,8,2,1,4,3
93234,5,8,9,6,4,6,7,4,5,2,6,6,4,8,4,8,4,8,9,6,6,6,8,2,5,4,1,4,3,1,8,3,6,6,1,6,8,6,8,1,8,9,4,8,7,1,8,2,3,7,8,6,3,9,3,1,4,7,1,2,6,4,2,3,3,6,8,1,6,4,1,3,4,4,2,3,5,8,6,5,7,9,4,6,6,8,6,2,4,5,8,2,5,1,2,7,7,2,8,3,5,8,6,3,8,9,8,4,7,9,9,7,7,8,1,5,5,6,1,1,1,6,3,9,7,9,1,6,3,4,7,6,2,5,9,2,2,8,1,1,4,2,1,5,9,3,9,7,7,5
61597,9,8,6,3,1,3,3,9,6,5,8,7,7,7,6,8,1,5,6,5,8,3,4,4,3,2,7,8,4,6,6,9,1,2,6,7,2,1,9,6,7,4,6,2,3,3,6,3,8,1,1,8,4,7,5,5,2,7,9,5,6,2,6,7,8,6,2,8,4,2,2,8,1,5,9,6,6,9,5,5,7,5,2,5,2,4,8,7,9,5,4,8,1,7,6,8,8,9,8,5,6,6,3,2,4,7,3,7,1,7,7,7,3,1,2,2,2,4,8,7,3,9,8,7,6,3,8,9,3,9,9,6,2,9,1,1,6,7,3,4,2,9,1,8,7,4,6,5,1,7
72685,5,8,4,8,3,8,4,9,3,6,7,4,2,4,4,3,2,7,2,3,2,4,2,9,4,4,4,4,2,8,1,6,9,6,6,8,6,6,7,8,6,6,5,8,5,2,2,5,4,3,7,4,4,1,4,9,5,8,1,1,8,7,2,2,8,8,5,1,8,6,1,4,1,8,3,9,8,3,7,5,7,4,7,5,7,7,8,3,8,5,8,3,3,9,3,8,2,7,1,5,7,8,9,9,1,7,9,1,6,1,6,5,2,3,1,9,1,8,9,6,7,2,6,3,1,3,4,1,5,6,1,2,5,2,5,5,1,8,2,7,9,1,4,2,5,6,9,3,5,2
94118,5,4,6,7,7,4,3,4,6,1,1,8,9,6,1,4,3,2,3,2,5,3,5,8,8,8,9,7,2,6,9,7,5,5,5,7,8,3,3,3,2,9,5,4,3,8,7,7,1,5,5,2,7,4,2,3,5,9,5,3,9,6,7,6,2,2,6,4,5,6,5,1,4,7,9,6,6,6,5,7,4,9,8,4,3,4,8,7,8,8,5,6,5,8,4,9,5,7,7,1,7,3,8,7,9,8,7,9,7,1,9,3,2,6,6,1,4,8,7,2,3,3,1,1,8,3,1,8,4,4,2,9,2,2,5,8,2,8,1,5,1,2,3,7,1,4,1,6,7,9
68022,9,3,5,6,4,6,1,8,9,7,7,8,6,6,2,1,6,3,4,2,4,4,3,4,1,5,8,2,6,8,1,2,8,4,3,8,1,1,9,4,5,6,9,6,4,1,2,8,8,6,4,2,8,3,2,2,9,3,4,8,8,7,7,4,6,5,3,4,2,7,8,5,8,9,8,8,2,4,6,2,7,1,7,9,1,6,2,4,1,3,7,1,8,8,6,7,3,5,4,8,1,7,6,4,2,8,6,6,3,7,5,6,6,3,5,2,9,2,3,7,5,3,3,4,9,9,7,2,5,4,5,3,5,8,3,7,7,4,6,7,7,4,3,7,7,9,3,6,6,1
88841,3,6,3,5,9,8,7,8,9,3,2,6,4,1,3,8,2,5,2,5,2,1,2,7,8,4,8,1,9,6,4,3,9,9,2,3,7,6,5,1,6,9,4,3,9,2,5,4,3,6,9,4,4,9,7,7,4,3,9,4,9,1,5,2,2,5,2,8,4,7,2,4,8,8,4,6,5,6,1,2,9,4,5,3,5,5,8,8,3,5,6,7,1,7,1,6,5,1,2,2,7,2,5,3,5,7,5,6,2,5,9,3,8,4,8,1,5,7,1,8,7,3,8,5,4,6,2,1,7,7,8,3,2,1,2,1,7,9,9,6,4,6,3,3,5,3,2,3,4,8
74107,3,3,3,5,4,3,4,3,8,6,3,3,1,6,8,2,3,7,2,8,2,4,7,8,9,4,4,1,5,4,1,7,8,6,9,7,6,4,8,9,6,2,9,9,5,4,7,2,4,8,8,9,9,4,6,3,5,5,5,6,8,6,5,4,9,9,4,5,5,7,1,1,1,1,2,4,7,8,9,1,8,2,1,1,2,4,3,4,9,4,9,8,9,7,5,1,4,5,9,8,9,6,7,8,8,9,6,2,2,9,2,1,7,8,4,7,9,7,5,6,1,5,1,2,7,7,2,7,8,1,1,7,5,2,6,6,6,5,6,1,9,3,9,7,6,7,3,9,9,7
20152,7,8,1,4,5,4,6,5,2,4,8,2,7,7,5,4,7,3,8,1,9,9,9,8,7,2,9,2,1,8,7,6,4,2,4,5,1,6,5,3,6,9,7,7,4,9,1,4,4,4,5,4,8,2,6,1,5,3,4,6,7,5,6,1,7,9,2,7,7,4,4,5,2,7,7,6,7,6,7,5,2,1,9,6,1,9,6,3,4,3,2,5,1,3,8,4,1,8,8,7,1,1,7,8,4,7,3,7,4,5,2,5,5,9,1,4,9,7,5,9,4,2,5,9,1,2,2,4,7,9,9,1,6,8,7,9,1,3,4,3,4,4,1,9,5,1,9,7,4,9
15068,9,3,6,2,4,5,7,9,8,1,4,5,9,6,1,9,5,4,5,7,7,3,4,5,2,2,2,3,4,3,9,3,8,6,6,9,3,5,2,5,1,1,6,7,8,9,9,1,7,1,5,3,2,5,4,3,8,8,6,7,3,1,4,1,4,5,1,4,7,4,7,2,2,1,6,7,8,2,3,6,9,4,8,8,6,2,7,1,9,8,9,7,7,3,1,7,9,5,9,4,3,4,3,1,3,4,8,7,5,3,6,5,8,6,3,2,4,1,8,2,2,7,2,7,6,7,1,4,8,9,9,3,1,3,5,5,2,6,9,7,1,7,2,5,7,9,7,9,9,8
48240,4,6,3,2,1,9,8,5,9,4,1,3,5,1,5,2,3,7,1,1,8,7,3,5,8,9,3,7,8,8,7,6,7,6,9,4,3,6,4,4,8,7,3,3,5,2,3,2,8,1,2,6,6,9,2,2,2,7,8,9,1,3,7,5,1,4,2,1,3,5,8,5,3,6,9,7,8,7,2,4,5,8,4,6,6,7,6,7,3,5,6,2,2,5,6,3,2,8,9,4,7,3,7,7,8,8,8,2,6,1,6,8,6,2,8,1,4,8,5,6,3,7,2,4,6,7,9,9,3,7,6,4,1,2,7,7,7,8,7,3,6,6,8,3,9,1,5,3,3,1
84261,5,3,8,7,2,4,9,9,7,7,2,1,3,1,3,6,9,5,4,8,3,3,5,7,1,2,8,9,9,9,4,8,7,9,3,8,7,9,1,7,9,7,7,5,4,6,8,9,3,8,3,3,1,5,9,5,5,6,1,8,7,6,9,3,2,1,5,6,8,1,3,6,2,4,3,8,7,9,5,5,6,4,1,8,3,9,9,3,1,7,9,1,8,4,6,2,7,1,9,8,3,4,7,9,9,7,5,4,3,9,4,1,1,7,7,9,7,6,4,8,4,8,6,8,3,4,9,4,5,8,1,8,7,9,7,4,5,3,9,4,4,2,5,8,3,7,9,8,9,4
39379,2,8,1,2,8,2,1,3,9,6,7,7,7,8,9,4,8,9,9,5,8,4,4,7,8,9,4,5,2,7,1,1,6,5,2,5,2,7,6,4,3,2,8,3,2,4,2,1,6,3,4,3,1,3,2,8,9,2,1,8,7,2,2,3,9,6,4,6,3,3,2,1,5,4,4,8,9,1,5,1,7,4,6,8,1,1,7,5,7,2,9,7,2,3,9,2,5,3,6,9,1,2,5,4,7,9,6,2,3,4,3,1,5,4,3,6,8,6,7,4,3,2,1,8,1,5,9,9,2,2,9,8,1,7,3,3,7,6,7,5,4,7,6,3,2,4,9,5,1,6
13879,2,6,8,2,4,4,7,5,6,9,6,6,9,2,9,5,4,4,7,1,5,3,5,6,9,7,9,5,3,3,9,9,5,1,3,4,1,1,3,3,7,6,4,9,7,8,6,7,8,4,2,7,1,1,3,1,8,6,1,8,2,6,5,2,7,9,7,6,9,4,3,3,3,8,9,9,4,8,8,7,5,9,9,1,4,3,2,8,6,7,1,4,3,2,5,9,1,8,5,1,9,3,1,7,4,2,5,8,2,9,9,3,2,4,2,2,7,8,6,9,4,7,8,1,3,4,8,1,3,9,4,4,1,1,3,2,4,6,3,9,4,2,5,2,8,7,2,7,7,1
60470,8,4,1,8,5,2,7,9,7,1,9,2,1,7,5,8,4,3,5,1,6,1,4,9,5,2,2,4,6,1,4,2,3,6,3,8,9,5,2,3,7,7,9,8,5,5,4,3,7,5,6,7,4,3,8,7,9,1,8,7,7,3,1,1,9,2,4,6,7,8,3,6,1,6,8,5,6,3,4,5,7,2,9,3,7,9,7,8,8,4,7,3,3,6,9,2,4,6,4,7,5,4,8,8,3,9,8,5,7,3,9,1,3,8,6,6,8,4,7,5,6,9,1,1,1,9,4,1,8,9,9,5,4,9,4,5,1,2,3,8,4,4,1,7,2,7,8,8,3,6
82854,8,2,9,6,4,1,2,7,8,7,2,4,9,1,8,8,6,2,3,3,2,4,4,1,5,7,3,4,6,5,3,2,9,9,7,9,4,1,6,4,7,7,8,4,6,1,5,7,4,2,5,2,7,2,5,5,9,1,2,3,6,8,9,1,1,5,9,7,6,6,8,9,8,7,1,5,2,8,9,2,8,9,5,3,1,5,2,1,8,5,9,2,4,3,6,9,7,9,9,2,5,1,4,3,7,6,1,4,1,9,5,3,9,5,8,9,1,1,8,5,2,1,6,8,7,3,4,1,9,4,8,2,6,5,9,6,1,3,3,8,1,4,1,8,8,1,2,6,2,8
27205,2,7,3,5,8,4,2,1,8,8,8,1,7,8,1,5,4,1,2,7,4,2,6,8,2,6,4,9,9,7,7,9,1,6,8,3,2,4,9,4,5,6,8,3,6,5,7,8,6,5,6,8,6,8,2,9,4,2,5,9,8,8,7,7,3,5,3,2,9,5,5,3,5,9,2,2,1,6,8,9,9,9,4,5,2,8,3,6,7,8,9,9,2,9,4,6,2,1,3,4,5,1,4,6,6,3,7,6,3,5,2,1,6,6,3,6,6,7,3,8,9,5,5,8,9,9,9,3,3,6,4,7,9,4,9,3,9,6,2,4,5,5,2,5,7,1,6,3,6,5
37086,1,2,8,6,6,6,5,4,4,6,6,9,5,1,1,1,6,5,5,2,2,2,6,2,2,6,6,7,4,2,9,1,5,8,9,3,2,1,1,1,8,1,3,6,8,7,5,6,3,2,9,2,3,8,7,4,8,9,9,1,9,1,7,4,2,3,9,2,1,4,1,2,3,4,1,4,4,1,3,9,3,6,2,2,4,6,5,1,4,3,4,3,6,1,6,5,3,5,9,9,2,8,9,3,5,6,1,1,5,9,2,6,2,5,6,9,8,1,9,9,5,8,5,6,7,5,3,9,3,8,5,2,4,7,2,8,2,5,3,6,6,9,3,7,3,2,9,7,6,1
42221,7,4,1,4,7,6,3,8,4,9,6,5,3,9,6,7,8,5,6,2,9,9,9,9,1,7,6,1,3,1,4,4,6,3,1,6,7,6,3,2,4,5,6,6,2,3,1,1,7,4,3,1,5,8,1,1,3,5,1,4,9,3,8,5,1,4,8,2,7,6,8,5,5,6,5,6,6,4,3,8,7,7,6,3,2,2,3,7,1,4,2,7,3,5,8,1,7,3,7,8,6,6,6,5,6,7,9,3,6,5,4,4,4,8,9,5,9,9,7,2,1,2,1,6,4,6,4,3,7,8,6,9,8,4,8,9,1,4,1,9,1,5,9,6,9,5,5,2,8,4
72043,9,7,6,2,8,2,6,4,7,2,9,9,8,8,7,5,5,6,3,2,7,4,8,9,1,5,5,1,8,2,8,7,3,2,8,1,6,6,1,4,6,7,6,1,7,1,6,2,5,2,5,4,4,9,9,9,7,7,3,7,2,1,2,1,3,1,3,4,7,2,3,3,7,3,2,1,1,4,2,4,8,9,4,2,7,1,4,4,7,8,7,6,5,5,7,6,7,5,1,7,7,1,7,7,9,6,8,6,8,3,3,2,2,3,7,2,5,7,2,5,7,9,7,9,8,9,8,6,8,9,7,3,1,2,2,1,4,9,6,9,4,9,4,2,7,3,9,2,4,1
53610,9,5,1,9,6,2,9,8,7,5,2,9,8,5,4,2,2,9,8,1,5,1,3,4,9,3,9,6,3,6,9,4,2,5,2,1,4,8,9,4,4,5,5,4,1,2,5,7,1,2,6,1,8,3,9,3,9,1,4,7,5,3,1,9,1,6,3,3,6,5,2,1,2,3,2,8,1,7,9,7,2,5,9,1,4,3,8,1,5,2,7,5,8,8,7,1,8,6,9,2,3,8,5,6,7,2,5,3,8,2,5,5,1,8,1,2,9,4,7,4,7,1,2,4,3,8,9,3,3,1,5,7,1,1,6,2,4,4,9,9,7,9,7,8,3,9,1,7,8,4
15497,7,8,6,1,2,9,5,4,1,4,6,5,1,7,1,7,8,4,9,2,2,4,2,4,5,3,2,8,6,4,9,3,4,7,3,5,5,5,3,3,6,4,9,6,3,2,5,7,2,7,6,8,2,9,1,6,4,9,9,2,5,5,4,7,6,2,8,6,1,8,6,8,1,9,8,3,1,1,3,8,1,8,1,6,9,3,8,4,9,2,7,1,5,6,1,3,5,1,5,8,5,4,6,3,2,3,8,3,4,3,6,5,4,8,3,6,8,9,1,8,6,4,7,7,8,8,8,6,9,3,7,1,6,4,3,5,6,7,7,2,1,3,8,3,3,7,8,9,7,9
22859,1,8,7,9,8,4,2,4,3,9,6,1,8,6,6,4,9,5,6,4,8,3,1,3,2,9,5,5,1,9,9,2,3,8,9,7,9,5,6,4,1,2,9,9,5,3,4,7,8,6,5,8,5,6,1,5,9,1,4,5,5,7,7,2,4,5,2,4,9,8,1,5,1,4,4,6,3,3,6,9,3,2,7,8,3,6,3,5,3,8,2,4,1,9,3,5,9,8,9,3,6,4,5,3,1,3,8,8,6,9,3,1,2,4,9,2,9,8,7,5,8,9,8,5,4,4,5,5,4,6,6,9,7,1,6,5,9,8,5,2,1,6,1,6,2,7,3,2,5,6
83549,4,1,8,1,8,2,8,9,5,4,8,8,4,9,3,6,2,2,7,5,3,8,3,4,8,3,4,4,9,1,1,3,2,1,8,8,3,7,2,8,8,6,7,5,2,5,5,8,3,3,4,5,9,5,3,9,7,6,9,2,6,7,5,2,2,2,6,4,7,3,6,4,7,4,4,5,3,8,7,3,5,7,7,2,6,1,7,6,2,1,7,8,9,7,2,5,4,7,6,2,1,6,1,8,1,6,8,1,2,5,6,4,7,7,6,8,7,5,4,7,5,9,8,3,2,5,4,1,8,9,9,9,5,9,7,7,8,4,3,2,9,4,2,8,3,6,3,5,5,8
97451,6,5,6,4,6,1,9,4,1,2,8,8,5,4,4,6,8,8,5,6,8,2,9,9,6,9,1,6,4,3,4,5,4,9,4,2,1,4,9,8,7,5,2,1,6,9,5,2,4,8,8,7,2,5,5,8,3,7,8,2,9,4,3,5,1,8,8,3,8,8,7,1,1,3,5,4,6,2,6,9,9,4,1,3,1,2,4,5,3,7,3,6,8,5,7,1,5,5,6,2,3,2,2,3,1,2,4,9,7,3,6,8,8,9,7,8,3,2,4,5,7,9,7,3,1,2,6,8,5,3,1,2,6,8,6,8,1,4,7,8,3,5,8,5,6,7,6,4,3,7
50627,6,9,5,2,7,1,5,1,2,6,2,4,6,3,7,9,7,7,6,9,5,2,3,5,6,7,8,9,2,9,4,9,5,7,5,4,9,5,9,9,7,3,1,2,3,3,2,2,1,2,7,5,2,6,2,1,7,7,4,5,8,6,2,6,7,6,7,7,1,3,9,8,2,7,1,1,2,1,1,6,1,9,4,5,4,9,8,4,8,7,1,2,9,5,4,4,6,6,3,1,2,6,2,9,4,9,7,5,9,8,7,4,1,6,9,2,2,2,3,6,6,4,1,4,8,7,3,2,3,5,9,5,9,6,9,5,4,8,7,1,8,5,3,9,7,6,7,2,6,3
12907,9,3,5,4,1,7,3,6,6,9,5,4,1,9,7,9,7,8,3,4,6,3,9,3,6,4,8,9,1,7,6,5,5,6,2,9,9,7,8,4,3,3,2,7,6,8,7,2,3,8,3,5,7,2,9,4,2,4,5,2,3,5,1,4,1,3,8,2,5,1,8,1,4,8,5,5,4,8,8,7,3,9,2,1,1,1,5,2,5,4,9,5,3,1,6,7,6,4,4,8,4,2,4,4,7,4,3,1,4,8,1,1,6,5,9,1,9,3,4,7,9,7,7,8,8,3,5,9,9,5,7,5,1,4,8,7,7,1,7,3,9,3,8,1,9,3,8,3,3,5
78236,6,9,3,7,9,5,1,1,1,2,6,8,3,8,8,8,9,8,3,7,1,8,7,7,2,4,4,8,3,2,4,4,5,3,1,6,6,9,5,4,2,6,9,4,7,5,1,2,1,1,8,3,5,5,8,4,5,8,6,6,9,6,4,9,9,8,9,6,2,5,5,1,7,3,4,9,8,8,7,2,6,7,8,3,9,1,4,7,7,4,4,1,1,9,9,7,4,2,1,4,5,2,7,4,8,9,3,8,2,3,9,2,6,1,9,2,1,5,6,2,1,7,6,6,4,2,8,5,5,6,8,9,6,4,3,6,4,5,7,4,1,6,7,2,1,2,9,8,4,3
18407,7,4,5,9,6,8,9,6,4,6,9,9,6,4,9,5,3,5,8,2,7,8,5,4,9,5,1,6,3,8,7,6,4,6,9,7,8,4,9,9,1,4,9,7,2,5,4,6,9,2,3,3,3,6,5,3,2,2,2,3,2,5,2,1,6,9,9,5,5,9,4,3,6,4,2,7,4,9,4,2,4,8,6,9,1,4,8,3,5,3,2,9,1,8,1,8,6,7,5,2,9,8,2,2,7,6,8,1,5,2,8,8,5,6,9,9,2,6,6,2,3,3,2,3,4,7,6,7,8,4,8,6,4,9,6,5,5,3,4,3,7,7,2,9,2,2,5,2,1,4
70512,5,4,7,2,5,5,5,2,1,6,1,3,2,9,8,5,2,7,8,7,9,2,7,5,4,4,9,9,8,4,3,8,8,2,4,8,8,4,6,4,7,8,4,7,3,5,8,6,8,9,4,1,4,4,7,7,3,1,5,9,5,9,2,6,3,7,2,8,8,5,1,2,5,2,2,1,5,6,9,7,5,3,3,1,3,9,5,9,8,7,7,7,7,7,2,9,4,6,6,7,8,1,4,1,4,2,9,9,1,7,8,8,9,3,6,1,7,1,9,8,8,2,8,4,6,6,3,5,3,8,7,3,3,9,6,7,9,6,2,7,9,2,4,5,7,5,4,5,8,9
13050,8,3,6,3,9,2,4,9,5,8,3,2,9,8,3,5,1,2,7,3,9,3,7,4,8,9,5,4,1,3,6,9,4,3,6,3,5,7,7,7,6,2,9,8,4,6,5,8,3,6,3,4,7,3,1,3,6,2,6,1,6,6,6,4,7,8,5,4,7,7,4,7,8,1,4,4,7,8,7,1,3,5,8,1,6,4,9,2,6,3,3,2,2,5,5,7,7,8,5,4,8,9,8,9,2,5,3,5,9,8,4,2,2,1,8,9,7,2,5,1,1,3,6,3,2,4,5,5,9,9,1,7,7,7,7,9,4,4,2,2,6,9,7,1,2,3,6,9,2,2
22004,7,9,1,3,6,3,5,9,5,1,9,6,1,6,3,3,3,7,3,7,2,5,7,5,9,8,7,5,8,8,3,2,8,7,4,2,5,8,3,4,4,1,2,8,5,7,5,3,4,7,4,2,1,2,7,6,8,3,8,9,8,3,9,1,3,5,4,7,7,6,3,4,5,1,3,3,2,4,5,3,2,8,4,1,6,6,1,9,4,2,3,7,8,5,9,2,1,8,4,8,7,6,7,1,1,9,7,2,6,9,7,8,7,7,4,9,2,2,5,8,4,7,3,3,6,6,2,8,5,6,2,9,9,9,8,6,1,5,4,3,9,1,6,5,3,4,7,9,4,1
55686,4,5,9,8,3,6,5,2,3,1,9,7,6,2,5,6,1,9,2,6,1,2,3,6,3,7,9,5,4,4,9,1,2,1,2,8,1,1,1,2,8,3,3,9,7,3,4,6,4,5,1,8,4,2,9,4,9,8,7,5,8,3,5,3,8,2,5,8,6,6,3,1,3,6,6,2,7,5,1,3,4,9,4,6,6,4,1,9,8,5,5,6,9,2,9,4,8,4,8,9,5,5,5,6,1,6,6,3,5,9,6,3,2,1,7,1,9,8,6,5,9,3,5,8,1,9,7,7,6,2,8,6,4,8,8,8,2,6,7,6,8,2,5,1,7,1,1,9,8,3
46439,9,3,2,2,9,3,9,2,5,6,1,2,8,8,6,5,7,3,7,8,7,7,3,3,9,1,2,8,5,5,5,8,7,8,5,3,3,3,8,3,4,3,8,2,9,9,8,5,2,3,7,2,5,2,3,6,9,9,8,1,8,5,1,6,8,9,3,9,2,9,1,3,5,5,9,7,2,8,7,5,2,8,3,2,6,3,9,4,4,6,3,7,7,7,8,8,8,3,9,2,5,9,3,7,9,2,8,2,8,6,6,3,8,7,3,6,6,7,3,4,3,2,3,6,1,3,4,7,3,9,9,4,9,7,5,1,3,4,6,6,1,2,5,6,3,7,9,1,6,4
59120,4,1,2,9,8,3,9,5,8,8,6,3,8,4,9,7,8,8,8,8,4,9,9,2,8,6,3,6,9,9,9,1,3,8,2,6,7,2,4,7,5,4,7,5,2,6,5,7,5,5,5,1,7,9,6,5,4,7,4,7,7,6,7,8,2,6,1,2,3,8,8,9,8,8,5,6,3,6,2,9,7,1,5,4,2,6,2,5,1,8,7,4,2,1,9,2,4,7,8,7,5,7,1,5,3,2,4,8,1,8,6,3,3,7,9,4,2,7,2,9,7,8,4,4,4,9,8,2,9,4,1,4,4,2,6,4,9,4,9,2,6,3,3,6,3,8,6,9,6,3
49071,7,4,6,6,5,1,6,9,1,9,4,2,9,4,8,2,7,2,4,1,8,7,1,1,3,1,3,7,8,8,8,5,5,2,1,4,1,7,4,1,1,1,2,7,4,4,7,4,8,2,4,6,3,6,1,4,9,6,2,4,4,3,6,9,4,4,5,5,8,1,1,5,5,2,9,5,2,7,2,2,8,3,1,2,4,9,3,2,4,3,2,6,7,4,5,4,1,7,4,9,4,5,7,4,4,1,9,4,2,8,8,2,5,9,4,3,8,4,3,3,3,5,6,6,4,4,3,4,8,3,4,2,7,1,8,2,3,5,4,9,9,3,2,5,8,6,5,8,9,5
80208,7,8,2,6,6,8,4,7,4,7,1,3,5,1,7,9,8,5,7,5,6,4,3,4,3,2,1,6,5,2,1,8,6,5,7,6,8,9,6,6,8,7,6,9,5,4,9,3,3,6,4,9,8,5,6,9,6,2,6,2,2,9,5,2,6,3,2,8,9,5,2,6,3,4,8,6,2,5,9,8,3,8,4,9,2,1,2,5,2,8,9,3,9,7,2,1,6,2,5,6,4,9,5,3,2,6,9,2,3,9,7,4,7,5,3,2,8,3,8,1,5,8,8,9,3,1,4,5,8,9,9,3,4,4,5,4,3,1,9,9,2,4,1,9,2,7,7,4,1,8
44510,3,3,4,3,2,9,9,4,8,1,7,9,8,8,3,4,5,9,8,7,1,1,6,5,6,3,1,7,9,5,4,8,8,8,4,1,4,1,8,9,9,4,8,7,6,6,4,3,5,4,2,3,1,1,1,1,3,9,8,9,5,4,8,3,1,9,4,1,2,2,3,4,8,9,2,3,3,6,5,3,8,8,9,8,4,2,5,1,4,9,8,3,2,6,6,5,5,3,5,8,6,2,8,7,3,7,2,8,6,9,5,8,1,9,8,1,3,1,3,8,8,8,3,3,8,3,5,1,5,4,1,3,9,2,4,1,1,8,1,1,9,7,4,4,6,4,7,2,7,5
16549,3,3,7,7,7,1,9,6,4,3,8,8,8,3,9,5,5,3,2,5,3,4,6,2,4,4,3,2,7,7,6,2,9,9,2,3,4,2,1,9,6,5,1,2,4,9,1,5,9,4,1,5,6,6,4,1,5,9,9,7,7,4,4,8,5,9,5,1,5,3,6,9,6,6,4,2,9,3,2,3,8,8,4,4,3,1,3,8,6,8,3,8,5,4,2,8,2,7,9,9,4,1,7,3,1,2,7,3,3,1,5,9,3,5,7,9,6,7,3,4,5,7,5,1,1,9,6,5,2,9,5,9,1,3,4,8,4,2,1,3,9,4,6,1,9,7,6,6,8,9
29673,7,3,9,2,2,3,8,4,4,8,1,9,5,9,4,4,5,4,7,6,4,1,8,3,1,9,7,5,2,4,8,6,3,7,9,5,9,3,3,3,3,1,2,1,2,3,3,7,2,3,5,2,5,4,1,6,7,7,5,3,7,1,6,6,8,3,5,9,5,6,5,8,4,3,8,6,9,7,7,9,5,2,6,2,9,7,5,7,6,8,6,2,5,6,5,6,4,4,6,3,9,9,6,4,5,3,7,4,5,9,5,9,6,7,4,2,8,2,4,8,7,5,7,3,1,7,2,2,4,3,4,1,6,3,3,3,7,4,6,4,5,9,8,7,5,7,3,4,6,5
84129,9,3,7,8,5,8,7,9,1,3,4,2,3,6,8,6,2,9,4,9,2,1,4,1,7,6,6,5,6,1,5,3,8,9,6,6,4,1,9,6,1,1,2,8,5,2,9,8,6,9,6,7,7,8,3,7,1,2,5,4,6,6,9,5,5,1,7,4,8,4,3,9,5,4,4,8,6,8,2,8,4,1,1,2,5,1,3,4,8,3,5,2,9,4,4,9,6,2,9,9,4,1,2,5,5,9,1,4,6,6,9,7,9,4,1,2,2,6,6,4,9,2,1,5,7,1,3,8,2,8,6,9,4,7,1,2,1,9,8,6,2,1,2,5,4,7,5,8,4,6
43131,8,9,3,6,7,5,4,4,5,8,4,5,1,9,2,3,7,4,1,7,6,9,8,1,5,7,2,4,2,1,7,7,7,5,4,1,2,2,4,3,2,5,8,1,9,8,1,9,2,9,3,2,7,9,3,3,5,5,5,8,8,6,3,5,1,3,5,3,2,1,2,1,6,1,5,8,7,5,8,3,4,4,1,9,3,4,1,5,7,2,1,7,7,4,4,3,2,4,4,1,3,6,5,3,5,3,2,5,5,1,1,2,8,4,4,5,6,6,7,6,3,3,6,2,6,1,9,1,9,2,6,2,6,3,4,1,5,4,5,9,3,7,3,4,7,2,2,2,9,6
13101,9,3,3,3,8,3,2,2,4,6,1,9,2,6,2,4,2,3,9,5,9,2,9,1,4,2,8,2,2,4,8,7,2,3,2,8,2,4,4,4,4,6,2,4,2,2,4,6,9,4,5,3,2,6,4,8,1,2,3,9,9,1,3,3,5,9,3,5,6,4,3,6,4,1,2,5,6,7,8,4,2,3,2,8,1,7,3,5,7,5,1,1,1,4,5,4,3,6,6,7,5,4,6,1,5,9,3,2,9,2,7,8,2,1,6,9,7,6,5,3,5,7,2,4,5,8,8,3,6,4,1,9,8,7,6,5,5,4,3,9,4,2,4,8,3,4,9,1,4,1
79401,1,8,1,2,5,5,5,3,2,2,9,6,7,9,2,4,7,1,4,5,5,4,2,5,8,3,4,9,2,6,7,9,1,4,4,2,5,8,4,5,6,1,8,5,1,5,2,9,5,9,1,3,2,3,4,4,5,6,3,8,2,1,2,3,2,1,8,6,9,8,8,9,3,1,7,5,4,4,1,5,7,3,4,7,1,3,9,5,9,2,8,7,6,7,6,5,5,8,5,3,2,4,8,3,7,8,9,6,6,4,4,1,8,1,1,5,1,1,5,1,7,1,9,6,8,5,4,3,1,3,3,3,4,2,4,6,4,3,2,3,2,9,8,7,3,6,8,3,6,6
19722,6,8,2,1,9,8,4,7,7,4,3,4,1,5,5,1,2,4,2,3,2,5,3,7,2,3,9,9,4,3,6,5,9,4,4,3,1,5,9,6,2,2,4,3,1,7,9,1,3,7,2,3,9,5,7,3,7,8,8,4,9,9,8,5,4,6,9,1,5,8,3,8,7,7,5,1,2,2,6,7,4,4,8,2,2,2,1,3,5,2,1,4,6,1,5,7,1,2,7,6,5,4,2,1,5,3,1,7,7,9,4,1,9,8,6,8,2,1,1,1,4,6,1,7,5,7,5,1,9,4,8,5,9,1,8,7,9,6,2,1,4,9,9,8,3,6,3,7,3,7
57815,5,9,1,2,8,7,4,7,8,9,5,1,1,4,7,3,8,2,2,7,5,7,4,3,2,8,3,5,5,6,2,5,2,5,4,1,7,6,5,8,5,5,9,1,5,4,3,6,8,1,6,1,4,1,8,2,4,1,5,7,2,1,5,7,7,6,4,1,9,3,9,3,9,6,1,2,6,4,5,9,1,1,7,1,2,7,3,6,5,7,3,5,4,9,5,2,2,5,6,9,1,7,4,2,5,6,3,3,4,5,5,7,4,1,9,8,4,8,5,3,2,6,3,9,8,2,3,7,3,1,7,3,9,1,4,8,1,8,2,3,7,6,2,7,4,9,9,4,3,4
63139,3,2,9,3,9,6,3,5,5,4,4,5,2,1,6,7,9,5,5,4,4,2,4,6,6,2,3,9,8,3,4,5,2,7,6,8,5,6,6,5,5,6,1,1,7,6,1,1,5,1,5,3,6,1,9,1,6,7,6,4,9,7,9,6,2,8,3,5,2,7,9,6,1,4,2,2,1,5,3,1,9,5,3,3,1,8,4,6,2,8,3,4,1,4,8,5,7,5,5,4,3,2,9,7,6,4,1,8,7,6,5,9,9,9,6,1,9,2,2,1,5,3,7,2,4,7,3,2,8,8,4,7,6,5,1,2,9,3,6,7,8,3,7,4,5,6,8,3,3,2
97434,6,6,7,3,4,1,5,6,5,7,1,2,3,9,7,1,7,8,3,8,2,5,4,5,4,9,7,4,6,3,5,7,3,1,6,9,3,5,8,8,8,3,9,1,2,3,5,4,4,5,4,4,4,1,2,8,1,5,1,6,2,3,5,8,5,2,4,8,5,2,4,7,3,7,4,9,3,2,5,9,1,9,8,7,6,7,7,2,2,8,9,2,9,7,3,3,7,7,2,4,5,3,8,6,9,7,1,4,2,3,7,3,7,3,2,6,2,6,9,1,8,5,4,4,5,1,5,4,2,9,8,7,1,4,8,1,2,8,5,8,8,7,2,5,4,4,8,7,9,4
79152,7,1,4,9,8,3,1,2,3,4,7,2,5,7,3,9,9,3,7,4,5,4,2,4,1,8,2,3,2,8,7,9,1,5,2,1,5,8,8,5,8,9,5,8,8,6,7,5,4,9,9,8,9,3,7,4,6,4,6,1,8,5,5,9,4,8,5,4,6,7,5,6,1,1,4,2,4,8,3,6,6,2,5,5,8,6,3,5,8,8,5,8,5,2,9,1,8,8,5,7,4,8,3,3,1,9,1,6,4,5,4,1,9,4,3,9,8,6,9,2,2,7,9,7,7,3,8,8,8,8,4,4,9,5,6,6,6,2,9,6,9,4,6,5,2,2,4,6,9,4
24826,9,9,3,1,5,9,5,1,5,8,8,8,7,5,5,3,7,7,6,9,4,1,1,8,8,5,8,3,7,2,6,9,1,1,8,1,2,5,1,4,1,6,6,6,9,7,6,4,2,8,7,6,5,8,8,4,6,7,6,3,7,9,9,9,6,1,6,3,3,1,7,4,8,6,4,9,3,6,2,9,9,2,1,3,7,1,4,3,2,3,9,8,3,7,7,9,4,1,3,6,4,7,6,5,5,6,9,6,6,1,2,5,6,6,8,5,7,9,8,5,1,5,1,5,5,4,6,5,7,1,5,2,6,2,7,5,5,2,8,9,3,7,2,4,4,6,3,1,1,5
52598,4,8,8,7,1,7,9,4,5,8,6,8,6,7,3,1,1,6,4,5,3,9,5,4,9,6,4,5,8,5,2,8,3,3,6,5,2,5,7,1,2,7,5,9,9,1,5,2,5,6,5,7,3,9,1,3,3,3,3,8,9,4,5,8,4,7,6,1,9,2,1,5,5,3,3,7,1,5,1,8,5,1,8,8,6,3,3,1,2,4,8,4,7,1,3,5,6,8,3,7,7,9,1,4,9,1,5,5,5,4,4,2,4,4,8,9,5,7,5,1,5,5,2,2,9,3,3,4,4,4,4,1,3,7,2,8,3,2,1,4,3,1,5,9,1,2,4,7,9,8
26074,8,2,2,2,1,7,4,4,8,6,6,2,6,7,9,8,5,1,7,9,3,1,8,6,7,6,3,2,5,5,1,7,6,7,7,3,4,2,4,8,2,4,3,1,9,4,3,1,6,9,1,1,8,8,2,7,4,2,5,6,1,1,3,2,9,8,4,3,6,1,3,7,2,1,5,3,4,3,8,5,9,5,6,5,8,3,1,7,4,4,1,5,1,1,7,7,3,1,4,4,7,4,7,8,1,2,2,3,2,3,9,6,9,1,9,3,4,4,5,6,2,6,6,5,6,4,8,6,3,4,1,2,6,9,5,3,1,5,9,3,1,6,3,6,2,6,4,9,9,8
60285,7,2,9,1,1,6,7,7,1,7,4,4,9,8,6,1,3,3,6,5,6,8,4,7,7,5,2,3,5,8,1,3,9,9,4,4,5,7,2,3,2,9,3,7,8,6,7,6,9,1,9,6,2,6,9,8,7,8,1,9,8,6,9,3,7,4,7,9,9,5,5,2,5,6,2,4,4,6,7,9,3,8,4,3,3,2,2,7,6,3,8,8,1,2,5,6,1,7,5,8,2,7,1,1,7,1,9,2,5,5,3,1,1,4,3,8,2,9,6,6,8,9,5,5,7,1,8,8,6,2,8,1,1,5,4,2,1,2,9,6,1,7,8,6,6,6,7,7,2,8
98723,6,9,7,7,4,2,6,3,9,5,5,9,3,8,5,9,3,9,9,5,6,5,9,4,1,6,7,7,8,4,4,3,1,8,5,7,4,7,4,9,7,2,3,2,5,6,5,6,3,9,3,3,4,8,5,2,6,6,9,4,5,2,4,9,9,7,3,3,5,4,8,3,8,1,6,7,6,4,6,3,4,3,2,6,9,6,9,9,9,5,5,1,2,7,8,9,3,5,7,9,8,7,8,5,1,6,5,5,6,7,9,1,3,1,6,2,4,6,4,1,9,1,8,6,4,5,3,3,6,3,1,7,8,9,1,6,7,5,5,4,4,7,3,1,8,7,4,2,4,2
60787,1,7,7,4,5,6,8,6,8,8,6,6,7,1,6,7,7,4,6,9,6,1,6,5,5,2,9,9,9,2,4,6,5,1,4,7,7,1,4,7,9,4,3,2,9,5,2,9,4,4,9,2,6,3,6,8,2,3,1,1,3,6,4,9,3,3,3,8,5,5,5,8,1,4,9,7,8,2,6,5,3,7,6,4,1,9,8,4,6,4,7,1,6,9,5,3,6,2,6,6,8,8,6,8,8,5,8,6,1,5,9,3,9,6,1,8,4,7,4,8,4,6,2,8,4,2,3,2,2,2,9,4,9,3,9,5,7,1,9,2,1,2,6,3,1,6,7,8,1,2
44712,9,3,9,3,1,8,5,7,2,8,7,8,5,9,9,5,6,3,9,2,1,2,3,2,4,2,7,9,2,2,1,7,1,9,2,7,4,8,5,1,4,2,9,6,5,5,1,6,7,5,4,9,9,2,9,3,7,8,1,5,1,1,7,8,8,6,9,2,9,1,9,6,7,8,8,8,1,7,1,3,6,4,9,8,8,5,6,8,8,2,3,1,7,7,9,6,9,5,1,1,1,5,6,2,1,2,6,2,8,8,2,3,3,7,1,5,3,2,4,4,1,1,1,4,5,6,8,3,9,5,3,7,3,5,2,5,4,2,7,6,3,6,7,6,5,3,2,9,9,8
35225,4,2,5,6,3,2,8,7,9,3,8,6,9,5,4,3,2,9,6,5,7,8,9,5,4,1,2,8,5,6,7,1,7,8,8,8,8,5,8,4,9,5,1,1,2,4,2,4,8,9,1,8,6,6,2,6,6,2,9,1,2,6,7,8,2,2,9,3,3,1,7,9,3,8,8,2,9,8,9,3,1,9,7,1,2,8,9,2,4,7,6,5,3,8,1,4,5,2,3,4,5,1,8,3,7,1,7,7,2,9,3,5,3,1,9,4,3,2,2,4,1,2,2,8,4,9,4,1,1,8,5,7,5,8,3,7,5,4,7,2,2,3,8,2,6,4,4,7,6,9
89472,1,8,9,1,9,9,5,6,3,1,2,2,9,7,2,7,4,4,8,5,4,9,4,7,3,5,9,8,3,2,8,7,2,9,2,1,9,9,2,4,4,8,8,8,9,3,1,1,7,7,6,5,2,7,5,9,1,8,1,6,8,4,2,1,6,8,4,8,2,9,4,6,3,7,3,9,1,1,1,9,7,3,3,2,3,2,5,1,2,3,7,8,9,6,4,2,7,5,7,4,5,4,5,8,1,1,8,6,2,7,2,6,2,4,1,8,9,6,6,1,8,5,4,1,4,4,4,3,6,7,3,9,2,2,1,7,4,9,1,3,1,8,3,4,9,9,5,3,6,5
86221,3,9,8,5,1,9,2,1,7,3,2,2,8,3,8,7,6,1,9,4,1,1,3,8,1,2,1,6,6,2,5,6,3,9,2,3,5,1,8,9,1,3,3,8,1,5,3,4,7,8,7,8,6,8,7,4,3,3,4,1,3,7,6,6,4,8,4,8,1,5,4,1,5,6,7,1,2,5,5,6,1,1,8,8,8,4,6,1,5,1,1,6,7,2,9,6,8,3,1,8,6,4,6,8,2,3,8,2,8,5,4,8,9,9,6,9,2,5,1,5,7,6,4,5,3,3,8,8,9,8,4,7,1,7,2,1,1,3,9,1,9,6,7,6,3,3,7,6,7,1
14208,1,7,5,6,7,6,8,4,9,8,4,2,1,5,4,9,6,2,4,1,3,5,1,5,9,1,4,8,7,3,9,4,9,5,1,9,7,2,7,1,6,7,1,3,6,9,1,4,4,7,9,3,5,2,1,8,1,7,6,4,8,9,4,7,3,1,5,6,7,8,6,8,8,8,2,6,3,5,7,7,1,9,4,8,6,5,4,5,6,3,3,4,3,5,1,8,3,1,9,4,9,7,8,9,1,6,1,9,4,3,3,8,8,5,5,5,9,5,7,5,9,7,3,6,4,1,9,2,2,2,5,2,9,5,8,5,2,7,1,5,9,2,5,9,5,4,1,9,7,3
80146,9,2,5,5,3,1,3,3,7,9,5,7,4,5,4,2,6,7,8,7,1,3,7,7,2,6,3,3,2,9,7,4,7,7,9,8,8,1,3,8,6,2,4,9,4,4,6,6,5,1,5,2,9,2,4,7,5,5,6,5,7,2,7,7,3,4,5,9,3,6,3,7,2,5,6,3,5,9,1,8,1,9,2,9,6,5,8,8,7,5,5,4,4,3,9,6,5,3,6,4,3,1,4,2,4,7,5,9,2,9,9,6,7,1,8,9,4,5,8,1,2,5,4,2,1,8,6,8,8,2,9,2,6,4,9,9,8,5,5,1,3,2,5,8,7,3,4,6,7,9
97180,4,8,6,5,3,3,1,7,5,6,5,9,1,6,9,5,7,2,4,6,3,8,3,8,5,3,8,6,5,8,7,7,9,8,8,9,4,1,9,1,2,1,2,1,3,8,2,1,7,7,2,2,7,3,4,3,5,6,7,5,1,1,7,1,5,9,9,5,5,5,9,4,4,7,3,9,1,6,2,3,4,7,8,4,3,9,6,2,3,2,7,4,1,4,9,6,4,6,1,6,1,2,1,9,2,8,1,5,9,9,1,6,5,5,5,7,6,7,9,8,1,2,7,6,9,3,1,9,5,3,3,5,4,1,8,1,6,8,4,5,2,5,4,3,2,6,3,1,5,2
75749,8,3,8,7,8,7,6,9,1,4,2,2,7,7,7,2,2,2,8,4,2,8,7,5,6,5,1,1,8,3,2,1,6,8,5,6,2,7,8,7,8,2,3,9,5,6,3,8,1,7,7,9,1,5,9,6,5,6,3,3,4,8,3,5,3,9,9,3,1,4,5,2,2,8,1,1,5,6,8,7,1,2,3,1,5,1,5,5,2,2,8,6,5,1,7,5,9,5,2,5,7,6,5,6,5,8,3,1,2,6,4,8,4,4,3,3,7,3,5,1,8,5,7,3,2,8,1,6,3,9,2,4,1,1,4,2,4,5,6,3,7,9,3,2,3,8,2,1,6,8
88257,6,3,8,5,1,6,2,2,7,7,5,3,8,2,4,8,4,4,4,8,6,7,8,2,7,3,4,7,8,1,6,5,2,3,8,5,2,2,6,8,8,3,1,4,9,7,2,6,9,5,1,5,4,6,5,7,5,1,8,7,4,6,4,4,4,7,1,4,9,4,5,7,3,9,3,3,6,3,8,1,9,8,5,4,5,8,9,1,2,9,2,7,2,1,1,4,2,4,3,6,8,3,5,5,2,2,7,8,6,5,2,8,4,9,9,1,2,6,1,3,6,3,6,6,6,8,6,8,3,4,8,1,3,9,6,8,6,1,2,6,9,3,9,7,4,5,5,4,3,7
34864,7,4,1,8,4,1,2,8,6,8,3,1,3,4,3,7,5,6,9,3,2,8,2,1,8,3,9,5,2,3,4,5,6,9,5,6,9,7,7,6,3,1,7,8,9,8,4,3,2,8,9,7,1,4,7,3,1,4,3,5,4,9,3,9,3,3,6,8,3,7,5,5,3,3,6,3,8,4,4,2,8,1,8,7,9,4,8,3,7,7,4,7,5,1,1,6,4,7,5,4,7,6,7,4,5,2,7,5,3,1,6,1,4,6,2,7,6,5,5,9,6,9,1,6,4,9,7,5,1,8,7,9,4,2,3,3,6,4,6,8,1,6,8,6,8,2,5,5,3,8
62909,9,5,3,9,2,6,1,9,8,5,3,7,3,7,7,5,3,1,3,3,3,5,6,8,7,8,4,1,3,8,5,2,2,5,6,2,7,1,7,1,6,5,6,9,9,8,6,3,6,8,9,7,4,5,1,6,7,3,7,8,3,4,2,8,7,1,8,7,4,4,9,5,1,8,1,2,4,8,3,9,6,4,6,7,2,3,5,9,5,3,5,9,7,2,8,8,4,7,8,2,3,5,8,3,7,1,3,1,6,4,4,9,9,1,9,6,4,1,2,5,8,4,7,2,7,5,2,1,1,6,2,3,9,6,7,4,3,1,1,3,9,3,2,2,6,4,5,4,8,9
15162,3,5,3,2,6,9,3,1,7,9,8,5,2,4,4,6,1,2,2,4,6,4,1,9,9,9,1,2,2,1,8,4,5,4,1,2,9,5,5,1,3,6,6,8,4,7,7,9,9,6,6,7,7,2,7,5,9,7,5,6,5,4,7,4,8,3,2,1,5,4,8,9,3,6,1,8,8,7,2,7,8,3,8,2,3,7,8,3,8,6,9,3,5,6,6,5,5,3,6,5,4,3,5,2,5,1,8,4,8,1,6,3,6,6,3,3,5,8,6,1,7,6,1,4,3,7,4,9,8,3,3,9,7,4,5,8,4,9,4,9,1,5,4,7,3,7,5,9,8,1
10616,2,8,5,9,8,3,4,6,4,2,1,8,1,2,7,9,6,3,3,9,4,7,4,2,3,8,7,8,7,9,6,3,7,9,5,3,5,4,7,6,6,5,1,3,4,4,5,6,3,8,1,4,1,7,2,6,4,2,7,7,9,4,7,4,7,8,3,9,8,1,7,5,2,8,1,6,8,1,2,9,1,2,4,4,3,6,3,5,6,2,2,9,5,9,5,7,4,4,9,7,9,4,8,7,2,4,3,8,3,4,1,9,9,1,9,8,4,4,8,7,8,4,5,6,9,5,8,2,7,7,9,6,8,9,5,1,2,4,1,8,8,8,4,2,1,1,6,9,3,7
31957,3,2,6,8,2,2,1,3,6,3,3,7,4,5,6,9,6,7,8,2,1,8,9,5,1,2,7,3,5,6,2,4,9,2,1,5,5,9,2,6,9,1,5,8,9,9,4,4,3,8,7,9,6,3,6,5,7,8,8,5,7,3,3,7,3,3,2,9,6,8,3,8,5,2,5,8,8,5,8,2,8,7,6,9,5,1,3,8,5,3,9,8,1,7,8,1,5,2,4,5,2,6,2,8,7,4,6,8,2,2,4,9,9,2,6,2,8,8,6,5,9,3,9,5,4,8,4,8,7,4,7,7,7,9,9,7,6,5,6,6,6,4,9,1,6,5,2,6,1,9
54059,9,3,6,5,3,6,5,9,1,8,3,6,1,7,7,8,7,4,4,3,1,1,7,1,7,3,2,3,3,1,1,3,4,8,2,7,6,7,2,2,6,1,7,1,1,2,3,6,7,5,6,7,5,9,6,4,8,9,8,8,6,2,7,1,6,8,1,2,8,3,5,7,4,3,7,2,4,1,4,6,4,9,7,4,6,7,4,9,5,7,9,4,5,7,1,7,9,1,4,8,5,5,8,4,4,6,4,3,9,7,1,8,8,2,3,4,5,1,8,5,8,1,4,2,2,7,9,2,2,3,2,3,1,7,9,6,2,2,6,7,4,9,9,7,5,4,9,7,1,1
78239,5,9,4,5,5,9,1,1,4,8,5,6,6,6,3,8,1,9,3,9,7,3,4,7,9,7,2,2,1,9,4,6,9,2,6,7,6,5,3,5,8,2,8,3,6,9,5,7,7,6,3,4,9,2,7,9,8,3,5,4,2,8,3,7,8,6,4,8,3,4,5,5,4,9,9,5,1,1,7,3,7,1,5,5,8,5,3,7,8,9,8,6,5,9,3,5,7,2,4,4,8,8,1,6,4,7,4,5,4,6,9,5,7,7,3,3,9,5,6,5,2,5,2,2,2,5,9,3,4,1,6,8,9,4,6,7,6,5,7,5,3,9,9,7,8,5,5,4,9,1
88581,6,1,4,3,7,3,4,2,8,7,6,2,4,1,1,6,7,9,7,2,8,8,9,2,3,3,5,8,7,6,3,7,5,1,3,7,9,3,2,1,4,6,1,3,6,5,1,4,3,2,3,2,2,8,9,1,7,8,7,8,2,3,3,2,7,1,4,4,4,8,6,4,4,9,1,6,6,4,6,1,6,7,1,9,8,2,2,9,2,6,9,9,8,1,4,3,3,9,8,3,6,7,9,6,3,1,8,7,9,9,4,6,3,5,4,6,7,9,6,6,9,7,9,5,7,9,9,7,7,7,4,7,4,1,4,5,5,4,5,6,8,6,1,8,1,3,7,8,7,8
46553,6,6,3,2,4,9,5,4,2,2,5,4,9,9,7,8,5,5,9,8,8,4,6,7,2,5,9,4,5,6,8,1,3,2,9,6,1,2,6,6,2,7,8,5,7,9,6,5,2,2,2,1,7,5,1,2,8,3,6,1,1,7,3,7,8,9,3,4,4,3,5,3,3,8,8,3,4,3,2,9,6,5,3,1,9,5,5,4,1,9,5,5,9,2,6,7,1,1,7,3,8,1,3,2,9,7,8,1,8,1,9,8,6,1,5,7,1,2,9,4,3,8,6,3,4,1,9,6,4,2,9,8,3,4,9,2,9,7,4,6,6,6,5,6,2,8,8,6,5,6
66875,9,2,8,4,9,3,5,5,3,3,4,8,8,2,9,6,3,8,6,3,7,4,3,4,7,4,7,4,9,6,5,9,7,6,4,1,2,7,2,4,2,5,8,5,2,5,4,6,3,7,6,4,9,3,2,6,3,7,2,3,3,1,6,7,1,3,8,4,8,9,6,7,6,2,7,1,6,2,2,4,5,3,1,4,8,9,5,7,4,4,2,4,8,1,4,9,1,2,7,1,8,7,5,5,8,9,2,6,9,7,2,8,3,5,3,8,3,6,5,3,4,1,6,2,2,1,7,4,7,7,5,9,9,5,6,5,9,2,3,7,6,8,6,1,2,1,5,3,2,9
40316,7,8,9,3,9,5,3,1,2,5,4,6,7,8,4,5,8,6,6,1,7,1,8,8,8,7,7,1,6,9,9,5,5,5,9,8,1,6,4,1,1,5,4,4,2,7,3,2,7,3,6,8,7,5,8,9,5,2,8,1,6,3,1,8,8,1,7,4,9,1,1,2,6,1,2,2,3,4,3,8,7,1,7,6,2,4,8,2,8,4,9,2,7,4,8,9,9,7,6,4,1,3,1,4,3,1,6,1,5,3,3,8,4,6,3,2,3,8,7,9,9,2,2,3,3,5,6,2,9,7,5,7,4,6,5,4,5,1,3,2,6,1,2,6,6,1,7,4,8,2
11234,7,3,5,8,4,1,9,1,6,7,3,7,8,2,8,3,1,5,5,5,3,3,9,1,1,1,7,2,3,9,5,4,5,8,5,9,3,3,5,8,6,6,2,7,2,3,1,3,9,3,5,9,8,9,6,1,6,2,9,5,6,3,5,5,1,8,1,4,9,7,7,7,3,8,4,4,2,9,4,3,1,4,5,6,4,6,7,6,7,8,8,4,9,5,9,9,7,9,2,8,7,6,1,7,6,9,9,9,8,2,2,6,9,9,2,4,3,4,3,1,7,7,6,3,8,2,3,4,3,4,9,8,9,7,6,5,3,1,2,2,7,5,3,9,3,3,2,5,3,2
90054,7,7,4,1,5,5,1,8,4,9,1,4,4,8,1,7,7,5,3,9,5,3,8,6,9,2,1,9,4,2,4,3,5,6,8,1,3,1,4,2,4,8,3,2,5,1,4,5,9,5,1,9,5,9,9,4,5,4,9,4,6,6,8,5,8,2,6,3,6,4,5,5,7,5,1,6,7,1,9,9,8,2,8,6,3,2,7,3,3,1,8,8,8,2,4,7,6,9,6,6,8,6,3,7,7,5,4,5,9,6,6,9,3,3,5,5,1,6,2,1,6,1,9,9,6,6,8,7,8,9,2,9,3,1,3,5,8,9,3,1,1,7,7,1,2,4,6,2,9,9
97317,4,5,3,7,3,6,6,4,3,3,3,5,9,1,2,7,5,2,1,2,7,1,9,3,6,1,3,7,6,6,1,2,1,8,6,5,8,9,2,7,1,8,9,7,6,1,2,6,9,5,4,9,8,2,7,6,6,9,9,8,4,8,1,1,2,3,8,7,4,4,5,6,7,6,5,8,3,3,5,4,8,4,8,1,8,7,5,2,4,6,8,3,5,9,8,8,9,7,8,7,7,9,3,2,8,7,4,3,4,2,8,6,4,2,1,9,5,7,8,9,2,9,7,7,7,6,8,7,3,6,1,6,1,8,1,2,1,3,9,7,6,5,2,5,7,1,2,3,3,9
60108,8,7,5,6,1,4,8,4,4,2,8,8,1,1,2,7,1,2,1,5,6,6,6,4,4,1,6,2,1,7,5,3,3,9,7,2,8,9,4,9,1,5,2,6,6,6,9,3,9,7,4,2,4,8,3,6,6,5,2,7,7,2,9,2,1,1,6,3,8,8,2,7,3,6,4,5,5,8,3,1,4,8,3,8,8,4,1,2,4,4,2,7,9,5,1,4,1,9,5,1,8,4,5,4,6,5,8,4,4,6,9,5,3,9,4,9,4,3,2,8,5,8,4,2,4,2,3,5,3,8,3,1,9,3,6,7,9,2,7,5,7,9,9,9,9,5,9,4,2,1
73575,1,4,2,4,9,9,8,3,8,8,4,2,9,3,7,9,3,4,8,6,1,9,7,9,4,5,5,3,2,4,2,2,2,1,7,3,9,5,1,1,6,9,7,8,3,2,6,9,1,3,1,9,1,4,2,7,1,6,1,3,5,2,3,1,2,7,1,1,5,9,8,6,4,5,6,9,3,3,8,7,3,6,1,7,1,4,9,5,7,9,9,1,5,8,7,7,4,6,8,3,5,5,2,3,4,1,2,9,4,1,9,2,7,9,4,9,2,8,9,7,7,7,1,3,6,2,1,4,7,2,9,6,2,9,6,9,7,3,9,5,2,8,7,6,9,2,5,6,7,7
38666,6,4,9,5,5,1,9,5,6,9,6,6,4,1,7,4,9,2,3,1,8,1,5,2,2,5,3,2,6,3,2,7,7,2,7,7,9,3,2,4,4,4,7,3,6,4,5,3,3,7,7,3,8,4,3,9,6,3,7,2,9,3,7,4,4,5,7,4,9,9,1,6,3,1,1,6,7,5,3,2,4,5,9,7,6,2,6,2,3,4,8,2,9,5,4,6,2,5,4,9,5,8,1,9,5,5,1,1,4,6,6,5,8,6,3,3,8,1,7,7,6,2,8,7,3,7,7,5,8,2,8,1,8,5,6,9,5,1,6,9,5,1,1,6,1,9,8,6,4,7
24948,8,8,2,7,3,8,4,3,7,6,9,9,2,4,3,3,2,7,9,4,6,1,7,9,1,4,8,9,8,8,6,4,1,7,2,2,8,2,8,9,4,1,1,3,6,1,7,1,1,9,3,4,5,5,9,5,8,9,4,1,6,6,7,7,3,5,7,4,2,4,2,3,1,6,6,6,9,5,9,6,4,9,9,9,6,9,1,4,1,7,1,9,5,4,7,5,6,1,5,1,1,1,8,1,7,6,1,2,8,3,3,1,6,1,2,3,4,7,6,8,7,4,4,4,1,4,3,7,7,1,2,2,6,1,5,1,3,8,9,6,9,4,3,3,9,2,5,8,7,5
54011,6,5,3,8,2,3,6,8,5,5,4,4,8,8,7,7,1,8,7,5,8,3,1,7,4,7,8,6,9,3,6,1,6,6,8,9,9,8,6,2,5,3,6,8,1,2,1,3,3,1,4,3,4,6,5,1,8,8,3,4,5,5,4,3,2,1,2,5,2,6,9,1,7,6,9,3,8,2,4,7,6,5,5,7,8,6,2,1,6,3,4,7,4,4,7,7,5,1,6,8,5,2,1,7,5,2,1,3,8,7,6,6,8,4,2,2,4,7,8,6,6,7,5,6,8,1,8,6,2,5,6,9,9,4,3,7,1,1,2,2,6,3,9,1,1,8,2,5,3,7
37961,4,6,4,9,8,3,6,7,6,8,6,2,5,1,3,1,4,4,2,1,5,1,9,5,8,5,9,9,2,7,1,1,4,4,7,6,8,9,2,9,8,8,1,1,1,6,3,2,1,4,9,7,1,3,8,4,5,7,3,2,7,2,4,2,3,3,3,9,4,2,9,5,7,9,7,7,5,3,1,2,3,4,2,7,4,8,8,2,7,1,5,2,5,1,1,8,2,8,3,1,8,4,4,9,9,7,5,2,5,2,3,1,5,1,2,9,9,5,3,8,4,2,9,4,5,4,5,3,4,5,3,4,9,1,4,7,1,5,9,6,9,5,7,9,9,4,4,7,4,2
52561,6,4,6,1,6,6,4,4,8,9,2,4,9,1,8,9,1,1,3,2,9,1,3,4,1,7,9,4,4,7,1,1,7,6,8,4,9,2,2,1,5,2,8,8,7,2,1,7,5,6,4,3,3,1,3,6,9,1,3,5,3,6,9,6,5,7,7,1,9,5,7,2,6,7,2,1,3,7,1,6,8,3,3,5,3,3,3,3,9,4,8,8,6,8,4,6,4,5,4,8,8,2,2,4,1,2,7,2,4,6,1,2,2,8,7,6,9,1,5,1,1,4,8,5,5,1,4,4,1,2,1,7,9,2,2,9,8,4,5,3,1,8,9,7,3,6,2,9,4,9
26916,4,5,4,2,7,2,7,2,2,4,6,8,1,8,7,8,6,8,2,5,6,3,9,8,6,2,4,1,7,9,3,8,8,2,7,4,5,9,7,9,6,5,9,6,2,2,9,7,5,6,1,4,9,2,1,4,9,4,5,7,1,9,9,3,4,1,8,7,1,1,2,4,6,4,6,8,7,5,1,5,9,7,2,5,7,1,8,8,9,7,1,1,2,1,7,8,4,1,2,4,2,2,8,4,4,3,2,6,6,2,6,6,2,3,4,2,2,6,9,2,7,5,2,3,2,8,7,6,1,9,6,1,9,5,8,7,9,9,2,6,7,2,9,9,1,7,3,1,5,7
95429,6,2,2,1,1,9,3,6,6,8,6,2,6,5,4,9,6,1,9,2,1,9,3,7,6,2,6,6,5,6,2,8,7,2,4,7,1,5,5,2,1,5,6,2,8,6,4,7,2,7,4,5,9,7,5,3,5,4,1,7,3,9,9,6,9,9,4,1,5,2,8,5,1,9,9,7,2,1,2,2,5,3,4,5,5,9,8,5,2,7,5,2,5,9,3,8,2,1,8,1,2,2,4,8,6,7,3,8,4,1,4,4,5,5,4,6,5,4,1,5,2,7,7,4,4,4,6,4,8,9,1,2,1,5,9,9,2,5,1,4,7,6,9,8,8,4,8,2,9,5
90615,1,9,9,9,9,9,9,1,8,6,3,7,8,9,3,8,4,8,2,1,9,1,5,2,7,7,8,4,4,5,2,8,6,1,9,3,6,4,8,9,8,1,5,8,3,8,7,1,2,8,5,9,1,1,1,4,2,1,9,1,6,9,2,7,2,1,3,8,8,6,3,6,4,4,9,1,4,9,1,2,5,5,8,3,9,5,1,1,3,1,2,4,2,4,2,3,4,2,1,5,8,2,2,2,4,8,9,4,5,8,9,3,1,1,1,9,1,6,4,5,5,1,9,6,7,2,7,1,9,4,3,9,3,3,4,9,5,7,5,7,8,7,5,3,4,9,6,5,3,6
97699,5,7,9,3,3,6,5,6,9,1,3,8,3,5,9,8,4,3,3,1,6,1,6,5,5,8,4,8,4,1,1,8,2,2,5,6,8,5,6,3,4,4,6,6,7,7,1,3,9,5,4,2,8,9,5,3,6,4,8,9,1,5,9,9,6,8,5,7,3,3,5,5,9,9,2,2,3,1,6,8,3,4,9,5,1,2,7,1,6,5,8,6,6,5,4,1,6,7,7,6,7,7,4,2,8,7,9,9,1,2,1,7,3,5,3,2,4,6,8,5,3,9,4,3,7,7,1,7,7,5,7,8,8,9,4,5,5,5,6,4,1,4,1,8,1,9,3,6,5,8
48938,9,7,6,5,2,8,1,7,4,3,6,5,8,4,7,2,8,5,2,8,8,2,1,9,4,5,3,5,7,2,1,4,1,2,2,3,8,8,8,6,3,7,8,2,3,1,8,6,8,8,7,9,3,4,1,2,2,2,6,6,3,1,5,9,2,1,3,8,1,6,5,4,6,3,9,7,7,8,6,4,6,1,8,9,1,7,7,3,3,8,3,6,4,5,5,8,9,2,5,9,3,5,4,9,4,4,1,1,9,6,6,7,9,9,1,6,1,3,9,6,8,2,1,3,2,9,4,7,2,7,2,4,2,7,5,6,7,2,1,7,2,2,1,1,7,6,1,9,1,6
45906,6,7,9,2,1,3,6,1,5,8,2,6,2,3,3,4,3,6,4,7,3,5,3,2,8,9,1,3,6,8,2,4,4,5,3,4,7,1,9,3,5,4,9,1,8,4,7,3,6,7,4,8,9,8,8,8,6,2,1,7,8,8,3,1,4,4,6,6,5,3,5,8,8,9,4,9,4,4,9,9,1,2,9,5,8,9,6,9,6,9,1,2,2,4,2,1,8,1,8,7,6,9,2,5,7,5,9,6,2,3,3,6,9,9,3,9,9,3,9,7,9,8,3,2,7,9,1,5,8,9,9,5,6,2,9,3,2,5,6,5,4,3,5,4,7,4,3,1,8,9
31546,1,6,8,1,6,7,1,9,4,1,2,1,6,3,2,1,2,3,8,9,7,9,6,1,9,5,8,1,2,3,6,3,2,4,5,2,8,6,6,4,5,3,4,4,1,6,5,6,9,3,7,6,3,5,7,2,4,2,9,3,2,9,4,9,4,1,6,9,5,5,7,4,4,8,7,6,2,2,7,7,9,3,7,9,2,5,6,3,8,2,5,6,5,1,5,2,2,7,6,8,9,3,1,3,9,7,9,3,1,1,1,5,9,6,9,7,2,7,6,3,1,3,3,1,1,4,8,2,6,6,7,6,9,6,9,6,4,1,6,8,4,8,4,4,7,5,4,2,6,6
